Unnamed: 0,년도,클럽명,선수명,출전시간,득점,도움,슈팅,스로인,드리블 시도,키패스,전방 패스 시도,횡패스 시도,공격지역패스 시도,수비지역패스 시도,중앙지역패스 시도,롱패스,숏패스 시도,크로스 시도,경합 지상 시도,경합 공중 시도,태클 시도,클리어링,인터셉트,차단,블락,파울,피파울,Position,Role,Detailed Role
0,2022,강원,갈레고,386,3,0,11,3,16,1,24,48,46,9,36,32,59,4,12,12,10,3,6,6,8,11,10,FW,WF,Wide Threat
1,2022,강원,김대우,541,1,0,6,0,3,4,69,44,42,28,97,65,102,3,20,17,13,9,14,14,15,11,10,MF,CAM,Box crasher
2,2022,강원,김대원,3287,12,13,64,5,46,78,293,432,510,112,430,363,689,291,84,41,83,22,35,29,45,23,20,FW,WF,Wide Threat
3,2022,강원,김동현,2941,0,1,21,0,7,9,392,585,188,189,865,662,580,8,65,99,73,116,100,74,96,38,34,MF,CAM,Box crasher
4,2022,강원,코바야시,694,0,1,9,1,5,4,166,132,90,42,249,145,236,2,15,18,19,10,22,14,18,11,17,MF,CDM,Box to Box
5,2022,강원,정승용,3504,2,1,25,320,40,19,740,471,428,341,782,671,880,105,86,92,104,152,122,81,99,38,53,DF,FB,Safety
6,2022,강원,임창우,3487,2,1,23,179,14,11,803,697,163,427,1066,1109,547,90,92,219,78,254,160,102,108,24,28,DF,FB,Progressor
7,2022,강원,김영빈,3448,4,0,19,6,0,2,544,812,44,499,887,1022,408,3,108,249,47,264,157,73,107,32,10,DF,CB,Spreader
8,2022,강원,이정협,1960,5,1,30,1,5,7,133,219,220,30,295,143,402,15,61,268,7,14,13,2,14,25,31,FW,CF,Roamer
9,2022,강원,김진호,2307,3,2,14,159,54,22,347,342,287,118,528,389,544,92,34,69,50,69,58,41,57,29,37,DF,FB,Safety
10,2022,강원,한국영,291,0,0,1,0,0,0,28,84,18,12,101,73,58,3,5,9,11,7,8,5,9,3,7,MF,CAM,Box crasher
11,2022,강원,이웅희,230,0,0,1,1,0,1,36,29,1,19,50,41,29,0,6,15,0,18,12,5,13,2,3,MF,CAM,Box crasher
12,2022,강원,디노,264,2,0,8,0,0,6,31,23,25,1,52,23,55,2,11,47,7,6,3,2,1,5,6,FW,CF,Roamer
13,2022,강원,윤석영,2797,1,2,4,17,3,4,510,520,63,308,779,761,389,17,55,96,32,183,117,52,76,15,17,DF,CB,SCB
14,2022,강원,유상훈,3341,0,0,0,0,0,0,689,76,0,760,5,710,55,0,1,0,1,41,148,3,6,0,9,GK,GK,Goalkeeper
15,2022,강원,케빈,1020,1,0,14,1,10,5,134,261,51,86,347,329,155,3,30,56,25,26,32,34,23,13,5,MF,CAM,Box crasher
16,2022,강원,발샤,610,2,0,17,0,11,2,34,47,38,3,78,34,85,5,34,74,7,6,4,3,3,13,6,FW,CF,Finisher
17,2022,강원,서민우,2936,0,1,11,1,2,10,407,599,149,313,776,623,615,10,91,101,109,96,113,117,78,31,23,MF,CAM,Box crasher
18,2022,강원,강지훈,937,0,1,5,66,15,6,183,77,79,48,199,127,199,27,22,28,24,22,23,22,22,10,3,DF,FB,Safety
19,2022,강원,양현준,2910,8,4,70,1,56,22,184,357,346,92,369,229,578,47,114,183,67,20,32,31,37,37,41,FW,WF,Wide Threat
20,2022,강원,황문기,1247,3,0,21,0,9,4,162,168,123,56,258,176,261,27,39,51,36,23,29,23,18,22,24,MF,CDM,Builder
21,2022,경남,모재현,2582,6,6,52,22,34,27,172,281,243,67,348,237,421,127,84,106,46,20,44,34,34,30,51,FW,WF,Wide Threat
22,2022,경남,서재원,485,1,0,7,0,14,1,14,31,22,9,31,24,38,7,16,29,7,9,8,10,16,4,9,MF,CDM,Builder
23,2022,경남,김명준,2848,1,1,4,7,3,6,825,962,16,855,1007,1339,539,5,71,160,46,243,127,61,88,30,17,DF,CB,Aggressor
24,2022,경남,설현진,431,0,0,12,0,4,1,32,34,26,24,66,33,83,9,17,30,11,8,9,5,7,9,9,FW,WF,Wide Threat
25,2022,경남,정충근,1190,3,1,23,2,12,12,99,91,90,23,153,99,167,18,39,75,24,14,27,21,33,19,12,FW,CF,Finisher
26,2022,경남,김범용,1508,0,0,8,55,3,6,309,369,121,174,582,490,387,44,22,67,46,59,87,38,49,24,24,MF,CAM,Creator
27,2022,경남,손정현,2216,0,0,0,0,0,0,463,181,0,638,6,515,129,0,0,0,1,16,101,1,4,2,5,GK,GK,Goalkeeper
28,2022,경남,박재환,2453,2,0,14,3,2,2,500,568,21,513,635,776,393,4,48,220,21,226,89,35,65,13,8,DF,CB,Spreader
29,2022,경남,김세윤,268,0,2,0,3,1,3,16,34,7,11,50,28,40,7,3,3,7,2,10,6,7,4,0,MF,CAM,Box crasher
30,2022,경남,김영찬,1582,1,0,5,1,0,3,333,552,5,341,580,691,235,0,24,114,11,118,75,17,45,10,11,DF,CB,Aggressor
31,2022,경남,김종필,440,0,0,3,1,0,1,104,73,7,60,116,126,57,5,8,25,6,23,19,9,16,2,3,DF,CB,SCB
32,2022,경남,이준재,1837,1,1,7,214,61,16,285,237,197,209,405,400,411,121,48,76,48,108,57,38,60,24,11,DF,FB,Safety
33,2022,경남,에르난데스,2290,12,8,75,8,38,30,187,200,251,37,320,160,448,20,80,118,33,28,23,22,24,20,31,FW,CF,Roamer
34,2022,경남,박민서,1467,3,2,37,21,31,8,134,200,143,65,228,170,266,51,50,108,51,20,34,26,25,31,26,MF,CDM,Builder
35,2022,경남,이재명,749,0,1,2,57,4,6,119,134,73,93,186,200,152,40,13,20,12,18,24,15,18,9,5,DF,FB,Safety
36,2022,경남,엘리아르도,417,0,1,8,0,1,3,15,47,26,1,43,28,42,5,17,28,5,2,3,3,1,6,4,FW,CF,Finisher
37,2022,경남,카스트로,764,1,0,19,0,6,5,50,126,45,31,140,83,133,8,17,16,14,15,16,22,17,5,13,MF,CAM,Box crasher
38,2022,경남,이광진,2968,2,8,10,11,8,47,614,922,162,364,1328,1158,696,192,61,92,91,80,164,76,81,39,48,MF,CAM,Creator
39,2022,경남,이광선,729,0,0,2,1,0,0,110,152,23,130,134,190,97,1,17,77,4,68,28,13,19,4,4,DF,CB,Spreader
40,2022,경남,박광일,1557,0,6,2,131,5,26,260,273,163,167,474,398,406,96,31,37,27,45,44,23,26,18,10,DF,FB,Safety
41,2022,경남,우주성,860,0,0,4,92,6,3,162,208,64,113,282,279,180,32,16,32,19,37,38,16,19,8,9,DF,FB,Progressor
42,2022,경남,이우혁,2544,0,1,16,1,2,13,423,817,101,328,1092,937,584,52,48,99,59,86,110,58,92,30,17,MF,CAM,Creator
43,2022,경남,이지승,1114,0,0,16,1,0,4,132,256,79,92,338,254,255,17,25,41,32,38,56,27,28,27,7,MF,CAM,Box crasher
44,2022,경남,하남,926,2,0,27,1,10,3,56,48,58,12,79,47,102,9,24,110,18,12,1,14,9,31,16,FW,CF,Finisher
45,2022,경남,티아고93,2930,19,3,98,2,16,21,148,255,200,22,361,191,392,15,62,332,40,22,25,23,38,43,27,FW,CF,Finisher
46,2022,경남,고경민,1704,4,1,35,5,18,13,113,250,164,38,242,191,253,18,55,88,28,11,20,24,19,24,28,FW,CF,Roamer
47,2022,경남,고동민,1737,0,0,0,0,0,0,358,218,0,571,5,476,100,0,1,0,1,30,66,1,4,1,2,GK,GK,Goalkeeper
48,2022,광주,이으뜸,2099,2,9,13,165,19,34,351,258,323,134,403,337,523,145,33,80,38,73,53,26,46,23,33,DF,FB,Safety
49,2022,광주,이건희,756,6,1,28,0,5,8,57,107,103,8,121,70,162,4,41,89,7,8,2,6,6,9,23,FW,CF,Target
50,2022,광주,김승우,313,0,0,0,2,1,0,60,42,6,28,103,62,75,2,5,24,5,28,12,10,10,2,3,MF,CAM,Box crasher
51,2022,광주,이민기93,1613,1,1,11,159,16,11,286,284,235,119,382,324,412,61,48,52,27,50,55,43,35,20,17,DF,FB,Safety
52,2022,광주,이상기,1628,1,1,9,156,14,16,220,240,218,119,304,252,389,75,26,60,33,58,39,27,45,28,21,DF,FB,Safety
53,2022,광주,이순민,2609,2,0,31,17,17,10,571,929,218,278,1306,996,806,24,60,145,78,102,118,65,87,38,54,MF,CAM,Creator
54,2022,광주,정호연,2709,1,4,21,2,22,21,570,921,376,224,1220,913,907,20,47,89,84,56,74,58,58,68,68,MF,CAM,Creator
55,2022,광주,이준,480,0,0,0,0,0,0,81,34,0,114,1,104,11,0,0,0,0,7,19,0,0,0,0,GK,GK,Goalkeeper
56,2022,광주,하승운,1185,2,4,17,5,6,24,76,188,177,30,216,149,274,30,44,35,25,2,9,9,12,18,18,FW,WF,Wide Threat
57,2022,광주,김종우,974,3,1,15,3,14,13,188,296,137,56,446,278,361,27,39,26,31,14,25,34,22,12,25,MF,CDM,Distributor
58,2022,광주,김재봉,2432,0,0,7,3,4,4,633,637,26,548,761,743,592,4,48,168,33,173,116,54,55,29,13,DF,CB,Aggressor
59,2022,광주,이희균,955,0,0,11,2,12,6,184,314,136,84,430,317,333,10,26,25,44,14,35,20,19,19,14,MF,CAM,Creator
60,2022,광주,김현훈,1848,0,0,3,0,1,3,369,307,58,236,491,349,436,10,75,141,33,120,66,44,57,21,11,DF,CB,Spreader
61,2022,광주,마이키,1181,4,3,31,2,10,13,104,166,175,25,199,140,259,25,44,78,18,9,20,10,19,14,20,FW,WF,Wide Threat
62,2022,광주,두현석,2414,4,2,26,256,31,29,418,462,429,204,574,482,725,130,35,52,59,66,67,32,36,26,18,DF,FB,Safety
63,2022,광주,허율,1384,6,4,40,0,16,7,79,156,141,18,159,104,214,9,84,164,8,20,7,8,16,36,20,FW,CF,Roamer
64,2022,광주,산드로,1357,7,4,45,0,5,18,73,216,164,19,248,172,259,6,65,116,15,9,4,7,21,39,33,FW,CF,Roamer
65,2022,광주,박한빈,3104,3,6,37,4,18,17,653,950,150,473,1182,951,854,10,49,66,70,88,146,59,44,33,29,MF,CAM,Creator
66,2022,광주,헤이스,3203,12,4,73,11,61,51,317,554,536,42,664,488,754,178,144,168,82,29,26,50,60,53,103,FW,WF,Unlocker
67,2022,광주,아론,1541,3,1,17,16,6,4,226,380,129,174,388,346,345,23,42,107,23,113,65,38,48,18,2,DF,CB,Spreader
68,2022,광주,엄지성,2067,9,1,68,41,37,16,182,270,276,31,334,259,382,44,68,134,40,18,26,37,58,28,49,FW,WF,Wide Threat
69,2022,광주,안영규,3201,1,1,14,9,4,6,741,749,135,418,1144,843,854,13,60,237,47,294,168,67,112,29,17,DF,CB,Spreader
70,2022,김천,명준재,622,3,0,6,14,7,12,64,66,100,21,65,58,128,17,14,15,9,5,8,9,13,11,21,FW,WF,Wide Threat
71,2022,김천,김정훈,686,0,0,0,0,0,0,93,136,0,229,0,156,73,0,0,0,0,7,25,1,0,0,1,GK,GK,Goalkeeper
72,2022,김천,황인재,1517,0,0,0,0,0,0,288,232,0,519,1,408,112,0,0,0,1,16,83,0,2,1,4,GK,GK,Goalkeeper
73,2022,김천,송주훈,1150,0,0,3,17,3,1,307,346,24,275,427,456,270,4,18,71,18,68,56,29,33,7,11,DF,CB,Aggressor
74,2022,김천,박지수,2446,1,1,8,3,6,7,817,904,38,764,983,1205,580,7,62,136,57,145,110,63,69,16,27,DF,CB,Aggressor
75,2022,김천,김주성,987,0,0,1,3,1,1,255,316,17,237,403,383,274,0,31,58,12,61,44,19,39,12,4,DF,CB,Aggressor
76,2022,김천,이준석,638,0,1,10,1,14,2,18,80,71,21,56,48,100,19,16,23,2,7,9,8,8,12,8,FW,WF,Wide Threat
77,2022,김천,김준범,868,2,1,15,2,8,10,111,207,142,29,253,135,289,16,22,21,27,8,12,12,16,11,8,MF,CDM,Box to Box
78,2022,김천,하창래,1648,0,0,6,3,3,1,435,468,23,441,533,665,332,12,44,108,39,114,85,45,56,17,13,DF,CB,Aggressor
79,2022,김천,윤석주,599,0,0,2,4,0,2,89,363,40,103,387,328,202,1,12,19,21,16,28,17,18,6,3,MF,CAM,Creator
80,2022,김천,이유현,818,0,0,9,83,4,3,225,239,150,132,367,230,419,23,19,23,9,22,28,21,20,11,6,DF,FB,Progressor
81,2022,김천,김한길,1908,2,2,21,71,26,17,219,290,287,113,389,267,522,76,57,51,37,37,30,24,37,19,20,DF,FB,Safety
82,2022,김천,박상혁,751,1,0,16,2,8,4,69,99,105,21,142,86,182,15,13,30,18,1,14,18,18,13,13,MF,CDM,Builder
83,2022,김천,이영재,2950,3,7,76,15,25,52,594,806,445,249,1047,813,928,177,44,33,76,19,76,51,43,20,48,MF,CDM,Distributor
84,2022,김천,강윤성,2466,0,1,11,209,15,19,495,559,391,336,717,577,867,96,55,62,56,70,91,54,58,22,25,DF,FB,Safety
85,2022,김천,문지환,1129,0,0,3,1,2,3,228,403,64,192,508,437,327,1,21,22,32,32,52,24,18,25,13,MF,CAM,Creator
86,2022,김천,유인수,2069,3,0,24,159,10,16,423,307,314,191,615,402,718,36,45,67,46,80,55,43,62,20,31,DF,FB,Safety
87,2022,김천,고승범,1895,0,2,35,17,15,20,345,520,360,140,727,443,784,81,74,45,70,24,41,36,28,13,19,MF,CDM,Distributor
88,2022,김천,한찬희,563,0,0,7,0,0,1,82,176,46,56,214,179,137,3,10,8,21,12,13,9,13,7,3,MF,CAM,Creator
89,2022,김천,김지현,1987,4,2,36,1,16,17,72,227,229,37,231,146,351,14,61,129,29,17,10,15,14,22,22,FW,CF,Roamer
90,2022,김천,임승겸,844,0,0,2,2,0,1,166,391,10,251,319,400,180,1,19,41,12,33,36,17,19,6,6,DF,CB,Aggressor
91,2022,김천,권창훈,1966,0,2,49,11,23,17,272,344,314,92,431,300,537,33,42,49,49,10,23,31,30,25,22,FW,CF,Target
92,2022,김천,김륜성,238,0,0,0,20,3,1,40,76,21,50,69,70,70,8,4,4,5,8,13,3,9,3,5,DF,FB,Safety
93,2022,김천,구성윤,1427,0,0,0,0,0,0,330,133,0,459,4,345,118,0,0,0,0,17,67,0,3,0,1,GK,GK,Goalkeeper
94,2022,김천,김경민97,735,6,2,19,0,25,5,29,64,73,14,72,44,115,15,30,23,12,5,5,5,11,11,4,FW,WF,Wide Threat
95,2022,김천,정승현,1908,1,0,4,1,4,4,582,566,15,437,756,826,382,6,30,104,36,130,85,37,66,19,5,DF,CB,Aggressor
96,2022,김천,정동윤,651,0,0,3,58,7,3,195,116,113,55,228,149,247,28,19,13,13,21,16,12,10,10,7,DF,FB,Progressor
97,2022,김포,이규로,1358,1,0,7,111,2,6,226,308,89,181,351,347,274,49,25,58,37,50,54,28,53,10,17,DF,FB,Safety
98,2022,김포,김종석,2818,2,3,43,2,12,37,368,631,236,147,885,618,650,105,42,152,60,60,88,34,50,35,53,MF,CAM,Box crasher
99,2022,김포,나성은,961,2,1,16,1,10,6,36,92,81,32,102,77,138,22,31,38,26,13,14,13,8,17,12,FW,WF,Wide Threat
100,2022,김포,박준희,1001,0,0,2,7,0,2,208,102,21,105,230,213,143,6,35,58,15,70,40,22,33,10,5,DF,CB,SCB
101,2022,김포,정의찬,1151,0,2,18,5,15,8,72,76,107,24,84,55,160,20,33,92,22,2,8,12,16,15,23,FW,CF,Roamer
102,2022,김포,이중호,353,0,0,2,32,2,2,43,53,27,28,65,45,75,6,12,11,7,19,8,9,6,2,6,DF,FB,Safety
103,2022,김포,박재우,694,1,0,1,107,10,4,137,77,92,53,129,100,174,26,20,18,15,23,21,14,20,14,13,DF,FB,Safety
104,2022,김포,이상욱,2795,0,0,0,0,0,0,751,127,0,872,6,829,49,1,0,0,0,31,141,0,7,1,6,GK,GK,Swiper goalkeeper
105,2022,김포,손석용,2938,8,7,83,4,73,26,142,203,209,34,228,122,349,76,128,238,61,18,27,35,35,57,55,FW,WF,Wide Threat
106,2022,김포,박경록,2957,0,1,9,4,4,6,484,425,54,283,684,612,409,22,75,217,54,228,145,60,108,26,11,DF,CB,Spreader
107,2022,김포,윤민호,2694,8,2,45,1,29,18,113,244,221,23,332,193,383,20,149,212,28,8,14,15,28,50,52,FW,CF,Finisher
108,2022,김포,김이석,2130,2,0,13,34,10,7,288,365,117,112,549,381,397,37,57,108,82,58,67,72,77,43,34,MF,CAM,Box crasher
109,2022,김포,권민재,680,1,2,11,1,2,6,47,64,63,21,104,45,143,22,16,25,19,3,7,10,14,15,13,FW,WF,Wide Threat
110,2022,김포,김종민,1758,2,0,10,2,1,2,256,272,12,201,352,347,218,2,52,122,31,121,77,33,45,26,3,DF,CB,Spreader
111,2022,김포,박대한,2517,1,0,13,269,27,15,447,356,234,173,596,416,587,87,61,71,39,96,76,49,56,42,33,DF,FB,Safety
112,2022,김포,최재훈,2393,1,0,16,6,13,4,306,425,146,152,629,429,498,5,71,101,91,60,95,78,63,30,44,MF,CAM,Box crasher
113,2022,김포,양준아,1065,2,1,8,3,2,7,268,133,57,103,304,210,254,15,32,41,23,43,50,10,27,14,9,DF,CB,SCB
114,2022,김포,한정우,927,1,2,7,70,20,8,125,89,101,67,152,97,223,72,21,26,26,23,20,21,30,8,20,DF,FB,Safety
115,2022,김포,김수범,2139,0,3,9,218,17,25,400,483,305,181,603,461,628,87,48,66,53,65,86,45,44,32,29,DF,FB,Safety
116,2022,김포,조향기,1265,3,1,34,0,2,17,89,187,131,16,223,149,221,5,62,296,10,20,11,3,14,15,30,FW,CF,Roamer
117,2022,김포,윤상혁,796,0,0,1,66,2,2,135,125,60,67,191,125,193,13,29,40,24,35,32,26,17,8,9,DF,FB,Safety
118,2022,김포,황도연,485,0,0,1,0,0,0,48,94,0,82,71,123,30,0,13,11,6,23,15,9,10,3,2,DF,CB,SCB
119,2022,김포,유리치치,214,0,0,5,0,7,6,33,19,29,2,29,19,41,2,12,64,7,4,2,3,5,7,5,FW,CF,Target
120,2022,김포,최민서,314,0,0,5,1,8,1,14,13,14,3,25,9,33,3,8,25,3,1,1,4,5,3,4,FW,CF,Finisher
121,2022,김포,이성재,383,0,0,12,1,2,0,32,104,28,13,121,82,80,15,6,19,14,7,11,11,15,10,5,MF,CAM,Box crasher
122,2022,김포,마루오카,335,0,0,3,1,4,1,35,33,41,8,51,34,66,10,12,13,12,5,7,4,7,1,4,MF,CDM,Builder
123,2022,김포,구본상,484,1,0,3,0,0,3,91,90,59,24,140,94,129,4,8,29,12,12,9,15,16,11,14,MF,CDM,Box to Box
124,2022,김포,이강연,1841,1,0,10,3,3,2,279,334,31,204,452,412,275,4,39,56,48,120,89,36,44,17,13,DF,CB,SCB
125,2022,김포,최봉진,1060,0,0,0,0,0,0,291,33,0,321,3,308,16,0,0,0,1,20,61,2,3,0,1,GK,GK,Swiper goalkeeper
126,2022,김포,김태한,2687,1,1,6,2,1,8,491,423,45,392,579,667,349,8,97,307,34,295,176,69,78,27,19,DF,CB,Spreader
127,2022,대구,에드가,356,1,0,13,0,3,6,30,34,37,2,59,22,76,1,16,68,2,9,1,5,1,14,7,FW,CF,Roamer
128,2022,대구,오승훈,3465,0,1,0,1,0,2,745,181,1,913,12,842,84,0,0,1,1,28,174,1,5,1,4,GK,GK,Goalkeeper
129,2022,대구,김희승,633,0,0,6,3,1,3,70,105,52,24,152,103,125,5,18,19,35,14,23,23,14,20,6,MF,CAM,Box crasher
130,2022,대구,홍철,2109,0,1,10,208,13,11,377,259,190,232,416,394,444,71,50,33,39,75,79,44,51,21,16,DF,FB,Safety
131,2022,대구,안용우,488,2,2,4,32,7,7,94,48,66,27,100,89,104,50,8,12,7,11,12,7,6,3,1,FW,WF,Unlocker
132,2022,대구,박병현,753,0,0,1,1,2,0,133,58,2,77,137,135,81,0,20,41,17,41,22,22,31,14,3,DF,CB,SCB
133,2022,대구,김진혁,2423,2,1,21,0,7,4,382,300,66,256,457,451,328,5,75,172,45,147,88,50,73,29,22,DF,CB,Spreader
134,2022,대구,홍정운,2162,2,0,8,2,0,4,282,302,22,264,338,395,229,0,74,109,44,157,113,74,73,20,5,DF,CB,SCB
135,2022,대구,고재현,2586,13,2,46,4,36,16,118,162,164,64,158,116,270,32,66,102,43,16,27,24,38,39,27,FW,CF,Finisher
136,2022,대구,오후성,217,1,0,4,0,8,3,12,30,32,0,30,20,42,6,6,12,10,0,3,5,0,3,5,FW,WF,Wide Threat
137,2022,대구,정치인,450,0,0,13,1,9,3,23,51,60,7,46,32,81,8,16,55,10,6,7,10,5,7,6,FW,WF,Wide Threat
138,2022,대구,장성원,1065,0,2,4,99,13,6,148,137,125,92,147,132,232,31,19,21,35,27,20,34,26,15,14,DF,FB,Safety
139,2022,대구,페냐,829,1,1,27,3,12,15,127,199,89,36,245,200,170,43,12,27,28,12,15,12,10,16,13,MF,CDM,Box to Box
140,2022,대구,조진우,2181,2,1,9,5,3,3,306,370,24,309,408,496,245,2,64,137,42,149,99,48,75,20,15,DF,CB,SCB
141,2022,대구,이태희,1782,0,1,7,64,8,4,334,144,80,329,127,354,182,29,14,20,16,35,47,20,15,6,7,DF,FB,Safety
142,2022,대구,정태욱,3323,1,1,27,6,10,10,505,448,85,372,599,663,393,19,78,208,46,261,160,68,94,38,24,DF,CB,SCB
143,2022,대구,케이타,1407,0,0,3,125,25,5,211,151,129,107,251,221,266,36,50,41,48,41,46,57,59,34,33,DF,FB,Safety
144,2022,대구,김우석,496,0,1,3,4,0,2,77,74,13,68,77,100,58,5,15,23,6,19,28,14,13,6,5,DF,CB,SCB
145,2022,대구,황재원,2906,1,3,14,204,35,21,471,345,316,201,521,428,610,77,68,91,69,76,105,68,68,42,26,DF,FB,Safety
146,2022,대구,라마스,2811,5,1,62,7,26,30,593,565,386,162,869,712,705,68,87,81,59,14,45,45,38,20,29,FW,WF,Unlocker
147,2022,대구,이용래,1379,0,1,2,0,1,6,212,190,61,64,346,247,224,12,31,8,47,32,46,15,22,25,7,MF,CAM,Box crasher
148,2022,대구,이진용,2567,0,0,15,1,7,13,302,299,123,122,469,314,400,17,65,70,120,49,77,89,65,66,36,MF,CAM,Box crasher
149,2022,대구,이근호,909,2,0,13,8,9,8,60,94,101,22,97,67,153,24,30,70,15,15,10,12,24,7,13,FW,WF,Wide Threat
150,2022,대구,세징야,2565,12,6,97,12,37,67,336,425,361,29,609,441,558,209,65,84,51,9,26,13,24,20,71,FW,WF,Wide Threat
151,2022,대구,제카,2430,7,7,71,5,36,35,153,267,285,13,286,164,420,24,182,275,52,25,16,26,20,71,28,FW,CF,Roamer
152,2022,대전,레안드로,2508,9,5,27,25,45,42,178,415,473,51,380,313,591,99,54,92,33,19,29,12,16,8,34,FW,WF,Wide Threat
153,2022,대전,조유민,3101,6,0,20,10,3,0,796,786,75,599,1032,1064,642,6,61,304,82,269,221,61,96,29,19,DF,CB,Spreader
154,2022,대전,마사,2024,10,4,51,1,18,29,234,252,260,47,303,199,411,30,46,75,62,9,21,36,37,21,23,FW,CF,Roamer
155,2022,대전,원기종,1299,3,3,28,9,41,13,113,106,176,15,123,110,204,23,33,100,17,9,9,5,17,11,23,FW,WF,Wide Threat
156,2022,대전,민준영,2047,1,1,24,221,16,15,435,311,254,180,545,392,587,73,52,68,69,92,69,67,69,38,33,DF,FB,Safety
157,2022,대전,윌리안,2089,13,5,64,14,40,19,121,188,202,16,197,178,237,22,56,108,44,2,24,30,27,48,35,FW,CF,Roamer
158,2022,대전,임은수,1651,1,1,22,2,4,3,307,430,81,167,602,464,386,4,20,105,39,79,69,37,55,15,23,MF,CAM,Creator
159,2022,대전,김재우,1133,1,0,4,14,1,1,232,207,14,180,282,285,191,2,21,85,20,66,57,34,37,9,7,DF,CB,Spreader
160,2022,대전,변준수,1323,0,1,6,4,1,2,335,266,34,180,451,404,261,1,36,144,18,135,80,30,36,27,13,DF,CB,Spreader
161,2022,대전,김선호,231,0,0,1,28,3,2,62,34,36,18,75,51,78,13,8,15,2,5,5,7,7,1,2,FW,WF,Unlocker
162,2022,대전,임덕근,2385,2,4,28,41,20,11,457,644,213,228,854,700,595,33,44,130,60,111,107,49,87,22,24,MF,CAM,Creator
163,2022,대전,권한진,882,0,0,0,0,0,0,87,191,9,120,163,203,89,0,14,52,11,78,16,9,29,5,2,DF,CB,SCB
164,2022,대전,김승섭,1452,5,3,38,2,29,23,74,112,199,33,96,63,265,81,36,47,8,7,16,9,12,6,16,FW,WF,Wide Threat
165,2022,대전,이현식,2045,1,4,21,60,28,17,267,379,336,108,471,298,617,30,60,56,76,26,55,52,42,50,62,FW,CF,Target
166,2022,대전,서영재,997,0,1,8,112,15,5,191,231,118,78,328,188,336,41,12,21,19,30,37,12,20,12,19,DF,FB,Safety
167,2022,대전,김영욱,958,0,1,6,77,5,13,176,229,155,76,299,224,306,91,20,30,23,26,24,23,20,20,8,DF,FB,Safety
168,2022,대전,포파,436,0,0,10,0,2,3,44,26,48,4,50,30,72,5,21,60,6,4,5,2,9,6,12,FW,CF,Roamer
169,2022,대전,이창근,2905,0,0,0,0,0,0,719,188,1,895,12,817,91,0,1,0,0,38,137,2,6,1,4,GK,GK,Swiper goalkeeper
170,2022,대전,김인균,1720,6,2,46,77,21,8,187,197,199,60,263,176,346,47,35,83,34,29,32,24,18,32,27,FW,WF,Wide Threat
171,2022,대전,이진현,1979,4,5,32,5,11,30,370,518,282,114,724,552,568,107,39,41,71,26,37,41,42,29,35,MF,CDM,Box to Box
172,2022,대전,송창석,181,1,0,3,0,1,0,15,14,16,2,20,15,23,3,9,12,1,3,0,2,0,2,0,FW,CF,Roamer
173,2022,대전,주세종,1258,0,3,7,3,2,15,308,623,132,186,700,662,356,59,15,18,20,19,58,28,18,18,27,MF,CAM,Creator
174,2022,대전,신상은,236,1,1,6,0,3,2,10,12,14,3,15,9,23,9,10,21,2,2,2,2,2,3,4,FW,WF,Wide Threat
175,2022,대전,김민덕,2937,0,0,5,16,15,2,506,555,62,450,693,737,468,7,45,158,47,214,121,67,73,33,11,DF,CB,SCB
176,2022,대전,이준서,872,0,0,0,0,0,0,164,111,0,274,1,233,42,0,0,0,0,9,46,0,1,0,2,GK,GK,Goalkeeper
177,2022,대전,카이저,830,4,1,23,4,7,5,29,94,58,12,92,41,121,9,42,95,6,11,7,5,4,13,13,FW,CF,Finisher
178,2022,대전,공민현,1441,5,3,23,0,8,19,94,190,174,15,218,108,299,11,51,165,34,9,15,16,8,29,12,FW,CF,Roamer
179,2022,대전,배준호,295,1,0,2,0,6,2,16,40,33,5,47,24,61,4,14,13,14,4,3,6,8,5,8,FW,CF,Roamer
180,2022,대전,이종현,2069,1,1,17,187,25,6,398,301,248,136,547,388,543,61,45,67,32,66,58,42,43,37,20,DF,FB,Safety
181,2022,부산,홍욱현,822,0,1,2,0,0,1,199,147,7,172,223,282,120,1,27,48,17,46,38,19,23,14,9,DF,CB,SCB
182,2022,부산,박세진,2396,1,4,9,160,15,27,320,228,211,138,490,356,483,132,46,86,42,68,52,52,38,24,39,FW,WF,Unlocker
183,2022,부산,에드워즈,2576,0,3,15,36,18,15,280,444,166,156,579,464,437,36,50,97,79,61,92,58,60,30,12,MF,CAM,Box crasher
184,2022,부산,안준수,1571,0,0,0,0,0,0,433,201,0,619,15,568,66,1,0,1,1,27,82,1,5,0,5,GK,GK,Swiper goalkeeper
185,2022,부산,발렌티노스,2165,2,0,9,6,2,2,424,606,25,401,677,820,283,7,48,145,19,212,100,30,61,16,10,DF,CB,Aggressor
186,2022,부산,황병근,778,0,0,0,0,0,0,184,110,0,293,1,229,65,0,0,0,0,4,33,0,1,1,2,GK,GK,Swiper goalkeeper
187,2022,부산,권혁규,1676,0,1,9,2,6,4,272,507,74,188,633,484,411,5,49,79,67,47,77,48,67,30,19,MF,CAM,Creator
188,2022,부산,박정인,1705,6,1,49,1,6,11,97,151,145,39,201,124,261,11,67,166,28,24,12,14,26,25,20,FW,CF,Finisher
189,2022,부산,박종우,2032,0,2,12,6,3,20,373,455,94,202,687,640,343,61,56,54,60,84,59,61,57,36,24,MF,CAM,Creator
190,2022,부산,성호영,701,1,0,8,5,10,5,42,136,72,33,128,91,142,7,12,24,32,7,11,29,17,13,8,DF,CB,SCB
191,2022,부산,최예훈,481,0,0,0,35,5,2,58,49,46,34,101,71,110,18,13,15,7,5,15,10,16,3,2,DF,FB,Safety
192,2022,부산,최준,2865,0,6,21,292,34,23,483,514,284,326,644,580,674,86,86,121,143,139,125,92,103,35,45,DF,FB,Safety
193,2022,부산,황준호,1083,1,0,17,1,2,2,160,174,58,120,202,212,168,6,35,152,23,56,41,16,39,15,11,DF,CB,Spreader
194,2022,부산,어정원,1959,0,3,23,156,20,18,277,375,218,155,482,358,497,78,58,69,51,63,79,44,68,24,32,DF,FB,Safety
195,2022,부산,김도형,262,0,0,8,0,3,0,16,41,17,11,59,26,61,8,10,11,3,3,3,1,2,4,7,FW,WF,Wide Threat
196,2022,부산,김찬,1289,2,2,19,0,22,12,63,103,110,13,120,72,171,7,64,194,17,16,12,5,21,33,34,FW,CF,Finisher
197,2022,부산,정훈성,244,0,0,5,0,3,2,24,25,22,8,37,19,48,2,13,4,12,2,2,1,5,4,4,FW,CF,Roamer
198,2022,부산,구현준,542,0,0,3,56,2,0,97,64,59,50,134,106,137,16,12,25,6,22,14,10,14,5,7,DF,FB,Safety
199,2022,부산,정원진,1515,3,2,31,4,12,16,104,327,171,58,324,211,342,63,38,52,40,11,19,12,20,6,18,FW,WF,Wide Threat
200,2022,부산,이상헌,2233,7,3,46,11,29,13,230,232,233,76,332,245,396,65,40,33,44,14,28,14,40,35,29,FW,WF,Wide Threat
201,2022,부산,김동수,381,0,0,0,1,1,0,105,74,4,70,126,138,62,0,21,38,12,44,20,15,15,1,2,DF,CB,Spreader
202,2022,부산,조위제,2011,0,0,5,1,10,2,423,407,15,392,508,648,267,4,53,124,46,198,121,50,58,19,12,DF,CB,SCB
203,2022,부산,김정민,944,1,0,14,0,4,2,136,155,73,52,257,187,195,10,26,23,29,16,14,15,11,8,2,MF,CAM,Box crasher
204,2022,부산,구상민,1507,0,0,0,0,0,2,380,173,0,545,8,482,71,0,0,0,0,12,69,1,3,0,1,GK,GK,Swiper goalkeeper
205,2022,부산,김정현,1510,1,0,19,0,4,3,227,270,69,128,407,332,272,5,38,127,46,72,88,45,64,28,23,MF,CAM,Box crasher
206,2022,부산,이청웅,911,0,0,2,1,1,0,118,132,10,111,181,197,105,1,25,44,21,59,34,17,22,11,2,DF,CB,SCB
207,2022,부산,이태민,924,0,1,16,6,28,5,45,78,63,22,96,53,128,12,34,39,17,9,14,19,21,20,34,FW,WF,Wide Threat
208,2022,부산,이강희,1116,0,0,14,25,6,4,153,180,83,72,284,208,231,6,20,65,40,56,34,21,32,17,17,MF,CAM,Box crasher
209,2022,부산,이현준,253,0,0,1,0,1,1,9,19,18,2,20,17,23,0,10,18,5,3,2,7,4,8,5,FW,CF,Finisher
210,2022,부산,드로젝,1251,2,0,21,6,8,16,73,149,147,31,147,116,209,48,56,55,43,14,25,25,24,12,9,FW,WF,Wide Threat
211,2022,부산,이한도,2556,1,0,7,5,2,3,407,711,28,500,669,827,370,4,57,172,27,205,116,49,83,16,23,DF,CB,Aggressor
212,2022,부천,박창준,1939,6,3,32,32,43,23,150,328,247,81,328,212,444,34,35,84,78,13,41,43,36,28,54,MF,CDM,Box to Box
213,2022,부천,이주현,244,0,0,0,0,0,0,50,21,0,69,2,62,9,0,0,0,0,1,13,0,0,0,1,GK,GK,Goalkeeper
214,2022,부천,감한솔,439,0,0,2,24,1,3,57,48,47,30,83,55,105,19,11,5,9,11,15,8,10,6,3,DF,FB,Safety
215,2022,부천,김준형,2664,0,4,24,0,24,27,592,891,268,306,1304,788,1090,78,71,116,108,69,127,100,89,33,32,MF,CAM,Creator
216,2022,부천,송홍민,1233,2,2,22,2,2,8,216,384,83,120,512,381,334,36,25,47,35,56,47,27,22,22,5,MF,CAM,Creator
217,2022,부천,김정호,535,0,0,0,6,1,0,107,74,7,100,79,109,77,0,5,25,2,44,21,6,11,1,3,DF,CB,SCB
218,2022,부천,이풍연,259,0,0,1,4,0,0,67,49,5,60,60,65,60,0,11,25,7,16,18,11,13,3,2,DF,CB,Spreader
219,2022,부천,조현택,2902,6,4,44,229,59,27,504,405,308,213,635,534,622,127,44,99,55,121,96,64,83,31,34,DF,FB,Safety
220,2022,부천,최철원,3667,0,0,0,0,0,1,753,220,0,969,5,808,166,0,0,0,2,53,142,0,4,0,7,GK,GK,Goalkeeper
221,2022,부천,김강산,3620,1,2,17,201,11,8,918,975,129,815,1194,1245,893,18,101,315,76,284,189,103,145,48,29,DF,FB,Progressor
222,2022,부천,안재준,938,4,1,24,0,4,7,24,72,91,13,77,29,152,15,33,76,10,8,7,9,11,10,6,FW,CF,Roamer
223,2022,부천,최병찬,556,0,0,3,40,7,2,100,152,98,75,193,132,234,21,14,26,10,19,23,10,13,9,3,FW,WF,Unlocker
224,2022,부천,국태정,956,0,0,4,90,7,9,215,132,145,86,211,192,250,52,28,38,33,28,30,19,36,17,8,DF,FB,Safety
225,2022,부천,한지호,1952,6,3,40,14,20,33,175,262,295,47,322,207,457,98,33,187,27,20,18,20,24,45,34,FW,WF,Wide Threat
226,2022,부천,오재혁,2344,2,3,30,17,33,27,255,496,293,137,597,352,675,39,65,49,85,18,35,43,30,32,28,MF,CDM,Box to Box
227,2022,부천,이의형,1083,2,0,19,0,9,10,58,117,94,27,120,85,156,5,36,100,17,26,10,12,19,25,30,FW,CF,Finisher
228,2022,부천,닐손주니어,3725,7,2,25,2,6,11,873,1070,58,993,993,1362,682,12,87,137,110,246,216,113,92,15,11,DF,CB,SCB
229,2022,부천,이동희,1725,1,0,6,72,4,2,408,410,45,339,513,497,400,11,42,189,38,128,98,31,66,24,9,DF,FB,Safety
230,2022,부천,김호남,2834,3,2,26,59,17,22,270,304,312,152,411,292,583,98,52,76,42,58,53,55,42,27,14,DF,FB,Safety
231,2022,부천,요르만,1591,4,0,29,2,17,9,81,134,125,23,211,108,251,23,49,141,16,18,14,11,20,10,16,FW,CF,Finisher
232,2022,부천,은나마니,1400,3,2,39,0,35,12,72,119,139,16,122,67,210,34,101,180,17,24,11,13,22,40,17,FW,WF,Wide Threat
233,2022,부천,조수철,1515,2,2,29,5,3,11,300,451,142,158,686,446,540,5,23,35,40,27,39,32,39,23,9,MF,CAM,Creator
234,2022,부천,최재영,785,0,0,7,3,4,1,121,198,99,58,245,171,231,6,21,26,24,1,26,20,15,28,7,MF,CDM,Box to Box
235,2022,부천,이용혁,1857,1,0,6,48,4,4,404,323,14,391,441,492,354,9,54,149,45,139,58,53,84,20,36,DF,CB,Spreader
236,2022,부천,김규민,509,1,0,6,41,7,4,70,69,55,30,121,95,111,9,13,14,5,12,13,12,14,3,12,DF,FB,Safety
237,2022,부천,이시헌,1677,4,3,42,11,18,16,150,332,239,68,353,241,419,37,34,72,42,13,32,14,30,20,31,MF,CDM,Box to Box
238,2022,서울,일류첸코,2111,9,1,54,1,8,22,176,236,282,21,281,197,387,19,99,212,32,22,12,12,22,44,35,FW,CF,Target
239,2022,서울,이한범,1906,1,1,8,12,1,3,740,886,33,655,1085,1112,661,2,52,143,38,125,125,47,54,26,8,DF,CB,Aggressor
240,2022,서울,조지훈,216,0,0,1,1,0,0,41,86,11,75,63,102,47,2,3,8,3,13,8,2,3,1,1,DF,CB,Aggressor
241,2022,서울,임민혁,1532,0,0,4,3,4,3,265,203,71,339,101,353,158,22,12,7,11,11,59,11,9,8,7,FW,CF,Finisher
242,2022,서울,백종범,279,0,0,0,0,0,0,61,61,0,122,0,91,31,0,0,0,1,3,10,0,0,0,0,GK,GK,Goalkeeper
243,2022,서울,윤종규,3031,1,1,9,316,16,15,658,896,500,369,1230,911,1188,46,62,67,71,52,102,72,50,40,20,DF,FB,Progressor
244,2022,서울,팔로세비치,2747,5,2,56,25,18,35,486,623,445,121,958,751,773,126,49,57,77,23,51,28,49,32,43,MF,CDM,Box to Box
245,2022,서울,케이지로,518,0,0,7,5,3,4,41,103,72,9,112,70,123,9,13,9,13,6,6,10,8,8,1,FW,CF,Target
246,2022,서울,황인범,570,0,0,7,3,4,5,150,166,147,60,237,176,268,29,16,11,11,2,14,5,13,6,5,FW,WF,Unlocker
247,2022,서울,오스마르,2138,1,0,5,6,1,8,1099,1011,89,741,1457,1321,966,9,56,162,34,155,178,55,82,22,3,DF,CB,Aggressor
248,2022,서울,조영욱,2968,6,7,86,20,40,24,191,367,414,54,414,251,631,67,94,101,50,23,31,19,44,24,48,FW,WF,Wide Threat
249,2022,서울,정한민,868,2,0,17,5,4,5,52,134,133,23,139,99,196,16,22,25,22,1,15,9,19,11,3,FW,CF,Target
250,2022,서울,정현철,1409,1,0,8,4,0,1,240,486,98,155,614,413,454,3,39,80,39,57,60,33,42,17,5,MF,CAM,Creator
251,2022,서울,한승규,598,1,0,9,3,2,6,77,143,122,37,169,102,226,13,14,7,12,1,9,4,8,5,8,FW,CF,Target
252,2022,서울,양한빈,3372,0,0,0,1,0,0,630,575,0,1196,9,865,340,0,1,0,0,37,190,1,7,0,3,GK,GK,Goalkeeper
253,2022,서울,이태석,1544,0,0,11,125,9,9,347,407,199,203,624,467,559,55,34,50,24,61,48,28,34,17,23,DF,FB,Progressor
254,2022,서울,백상훈,385,0,0,2,3,6,2,59,70,38,26,123,78,109,3,8,7,12,3,8,14,4,10,11,MF,CAM,Box crasher
255,2022,서울,황현수,486,0,0,1,0,0,1,141,187,4,159,212,222,153,0,14,37,11,34,39,7,18,3,1,DF,CB,Aggressor
256,2022,서울,기성용,3061,0,1,37,12,7,26,900,1544,491,562,1885,1638,1300,92,43,46,52,70,117,50,53,24,26,MF,CAM,Creator
257,2022,서울,김진야,2303,1,1,16,181,28,16,414,476,383,197,626,408,798,48,62,57,31,73,77,59,45,18,16,DF,FB,Safety
258,2022,서울,고요한,589,0,2,3,6,5,8,123,112,116,34,202,98,254,12,14,7,9,11,7,7,5,5,13,MF,CDM,Box to Box
259,2022,서울,고광민,388,1,0,3,44,2,1,76,81,45,50,114,87,122,3,4,13,3,12,12,6,10,7,4,DF,FB,Safety
260,2022,서울,김신진,923,3,0,19,7,9,8,123,183,91,91,217,197,202,9,33,54,14,17,18,12,31,12,7,FW,CF,Roamer
261,2022,서울,박동진,1230,3,0,33,5,19,6,54,96,86,15,107,75,133,13,58,86,11,11,13,10,9,21,20,FW,CF,Finisher
262,2022,서울,권성윤,430,0,0,0,15,5,2,56,62,110,20,98,78,150,13,14,9,7,4,6,6,5,4,5,FW,WF,Unlocker
263,2022,서울,나상호,2597,8,4,49,55,50,39,237,376,498,62,505,345,720,163,62,53,30,9,16,23,38,23,47,FW,WF,Wide Threat
264,2022,서울,강상희,239,0,0,0,1,0,0,74,130,2,79,134,153,62,1,2,7,6,10,18,4,4,0,1,DF,CB,Aggressor
265,2022,서울,강성진,1821,1,4,26,9,40,21,187,276,339,51,331,264,457,64,31,34,27,8,19,15,19,8,21,FW,WF,Unlocker
266,2022,서울E,황태현,2213,2,0,21,263,7,33,541,400,200,267,661,551,577,105,51,85,51,106,91,51,57,9,17,DF,FB,Safety
267,2022,서울E,박준영,422,1,0,8,0,16,2,15,19,26,7,17,15,35,4,21,25,13,4,5,6,10,9,11,FW,CF,Finisher
268,2022,서울E,김원식,1824,0,0,16,1,1,4,222,410,63,246,401,460,250,5,33,109,33,88,75,23,47,34,34,DF,CB,SCB
269,2022,서울E,조동재,362,0,0,4,40,5,5,75,23,28,30,71,70,59,18,3,12,14,18,8,8,10,4,6,DF,FB,Safety
270,2022,서울E,윤보상,3448,0,0,0,0,0,1,678,256,0,933,2,825,110,0,0,0,2,32,140,0,12,0,4,GK,GK,Goalkeeper
271,2022,서울E,츠바사,2688,5,1,29,9,15,32,394,414,239,151,665,493,562,66,74,100,66,35,65,62,73,24,31,MF,CDM,Builder
272,2022,서울E,유정완,944,2,0,28,1,19,6,47,68,86,11,74,57,114,15,28,67,20,3,7,20,8,16,31,FW,WF,Wide Threat
273,2022,서울E,채광훈,2275,0,2,20,240,23,30,497,302,240,226,555,574,447,170,51,51,49,88,74,43,67,15,26,DF,FB,Safety
274,2022,서울E,김연수,3479,0,0,15,7,3,6,711,703,55,601,874,1005,525,8,112,312,86,306,226,93,138,56,19,DF,CB,Spreader
275,2022,서울E,김인성,2221,5,2,53,9,49,22,138,228,301,49,247,154,443,70,72,119,47,12,29,19,34,17,49,FW,WF,Wide Threat
276,2022,서울E,김선민,3330,2,1,30,6,2,16,471,768,195,295,981,845,626,15,87,98,135,108,175,103,87,76,24,MF,CAM,Box crasher
277,2022,서울E,아센호,1055,2,0,39,0,3,8,92,106,118,11,132,79,182,9,48,192,23,10,5,14,11,25,16,FW,CF,Roamer
278,2022,서울E,정성호,346,1,0,15,0,0,0,18,24,24,0,35,17,42,1,16,60,0,1,1,2,5,5,4,FW,CF,Finisher
279,2022,서울E,이성윤,309,1,0,13,0,11,7,21,22,27,8,23,15,43,17,15,17,6,3,3,7,15,10,2,FW,WF,Wide Threat
280,2022,서울E,김정환,2075,6,4,49,8,35,20,122,249,188,49,258,170,325,83,66,95,61,16,38,29,34,41,31,FW,WF,Wide Threat
281,2022,서울E,김민규,809,0,1,1,8,2,4,159,114,23,100,193,200,116,10,24,55,13,52,34,19,32,10,6,DF,CB,Spreader
282,2022,서울E,서보민,1252,0,1,22,160,7,18,287,209,185,115,307,328,279,104,15,36,19,46,38,29,34,9,8,DF,FB,Progressor
283,2022,서울E,이인재,1049,0,0,4,9,4,2,177,322,32,225,282,379,160,6,35,76,18,109,63,24,33,11,2,DF,CB,Aggressor
284,2022,서울E,서재민,1149,0,1,7,132,6,8,198,143,109,131,278,205,313,67,31,20,20,32,26,15,20,10,11,DF,FB,Safety
285,2022,서울E,김진환,243,0,0,2,0,0,1,52,52,6,51,58,76,39,1,9,30,2,23,13,4,9,0,1,DF,CB,Spreader
286,2022,서울E,김형근,417,0,0,0,0,0,0,75,78,0,153,0,137,16,0,0,0,0,8,22,1,1,0,0,GK,GK,Goalkeeper
287,2022,서울E,까데나시,1969,10,4,56,1,3,18,147,127,126,13,182,99,222,5,68,382,43,11,8,8,26,44,33,FW,CF,Finisher
288,2022,서울E,한용수,1833,0,0,7,2,1,4,282,351,11,337,336,516,168,2,48,114,19,160,90,49,63,13,25,DF,CB,SCB
289,2022,서울E,이재익,2449,1,0,10,9,10,3,550,460,42,409,607,688,370,7,58,141,51,179,139,48,67,26,7,DF,CB,SCB
290,2022,서울E,곽성욱,360,0,0,6,2,1,0,39,61,33,13,76,53,69,14,13,16,14,6,7,8,15,8,2,MF,CDM,Box to Box
291,2022,서울E,배재우,1828,0,1,6,193,5,15,314,290,213,124,437,387,387,63,35,49,53,73,45,30,33,21,24,DF,FB,Safety
292,2022,서울E,박태준,659,0,1,10,3,6,7,112,112,93,37,171,132,169,12,17,21,21,9,23,9,14,6,16,MF,CDM,Box to Box
293,2022,서울E,이동률,2144,6,5,47,3,29,29,146,223,216,47,230,164,329,73,70,81,64,14,26,21,43,22,45,FW,WF,Wide Threat
294,2022,성남,박수일,2574,5,1,34,193,33,21,372,383,330,219,487,418,618,154,59,84,72,65,73,43,70,21,27,DF,FB,Safety
295,2022,성남,이시영,2251,0,2,8,186,26,22,356,276,227,220,414,422,439,88,50,72,45,90,61,46,54,23,29,DF,FB,Safety
296,2022,성남,김민혁,2617,4,2,32,6,12,23,387,365,276,173,597,451,595,12,100,183,68,70,56,40,49,51,35,DF,CB,Spreader
297,2022,성남,김훈민,352,0,1,6,31,7,4,41,70,36,24,70,77,53,12,6,10,14,9,11,5,13,1,4,DF,FB,Safety
298,2022,성남,전성수,931,2,0,16,3,17,8,60,64,86,15,103,54,150,10,34,73,10,14,6,10,8,11,12,FW,CF,Roamer
299,2022,성남,김지수,1656,0,1,0,1,0,1,241,334,5,298,312,422,193,0,36,72,21,98,80,24,31,5,9,DF,CB,SCB
300,2022,성남,연제운,1655,1,1,2,2,1,3,363,576,30,434,596,676,384,4,39,72,28,117,82,36,49,8,10,DF,CB,Aggressor
301,2022,성남,김현태,496,0,0,1,0,0,3,74,104,22,51,141,132,82,0,4,18,8,16,14,8,10,3,2,DF,CB,SCB
302,2022,성남,이지훈,1209,0,0,8,64,13,5,151,118,122,75,204,156,245,23,39,22,25,14,15,13,24,7,18,DF,FB,Safety
303,2022,성남,뮬리치,2007,9,1,105,0,26,23,124,196,152,22,274,137,311,14,87,243,11,15,8,2,13,23,17,FW,CF,Finisher
304,2022,성남,김영광,3084,0,0,0,0,0,0,680,133,0,807,6,724,89,0,0,0,1,31,145,2,1,0,11,GK,GK,Goalkeeper
305,2022,성남,이재원,1287,0,0,11,4,8,6,153,148,82,91,252,179,246,6,32,31,42,36,44,24,48,15,17,DF,CB,SCB
306,2022,성남,마상훈,1470,0,0,5,2,2,1,294,319,8,329,323,411,249,1,33,93,32,117,72,39,46,11,11,DF,CB,SCB
307,2022,성남,양시후,404,0,0,0,0,1,0,80,97,11,56,167,136,98,1,16,25,16,26,27,11,15,3,2,MF,CAM,Creator
308,2022,성남,장효준,962,0,0,2,94,0,4,138,113,77,104,164,135,210,15,18,26,27,26,27,27,33,13,6,DF,FB,Safety
309,2022,성남,밀로스,991,3,0,31,2,5,10,183,238,77,71,322,286,184,4,24,27,35,15,29,16,15,16,8,MF,CAM,Creator
310,2022,성남,이종호,710,0,2,15,1,5,7,55,57,50,23,87,39,121,9,33,84,23,11,3,7,11,9,9,FW,CF,Finisher
311,2022,성남,곽광선,887,0,0,0,0,1,0,143,221,1,199,181,262,119,0,23,39,8,71,40,21,34,7,5,DF,CB,SCB
312,2022,성남,최지묵,1617,0,0,2,78,6,10,403,289,114,253,505,380,492,44,42,47,51,49,69,29,41,26,24,DF,FB,Safety
313,2022,성남,조성욱,641,0,0,3,0,2,0,99,142,3,84,162,168,81,0,21,45,11,67,29,14,26,6,1,DF,CB,Spreader
314,2022,성남,강의빈,1493,0,1,2,2,0,2,256,250,28,233,304,323,242,3,48,99,33,132,60,40,62,21,8,DF,CB,SCB
315,2022,성남,최필수,582,0,0,0,0,0,0,104,63,0,167,0,143,24,0,0,1,0,10,22,0,0,0,0,GK,GK,Goalkeeper
316,2022,성남,강재우,469,0,1,2,1,15,2,34,32,27,7,64,40,58,3,20,23,9,1,4,10,5,10,7,MF,CDM,Builder
317,2022,성남,안진범,800,0,1,1,3,4,7,143,140,67,36,267,197,173,22,11,28,19,9,12,16,13,14,19,MF,CDM,Box to Box
318,2022,성남,권완규,2203,2,1,15,37,5,6,499,463,74,429,608,661,450,34,62,129,52,136,89,52,58,31,13,DF,CB,SCB
319,2022,성남,권순형,1594,1,0,18,3,1,11,338,515,92,181,696,497,472,17,36,40,44,41,60,35,48,12,15,MF,CAM,Creator
320,2022,성남,팔라시오스,1557,4,3,35,0,47,17,87,182,163,15,181,149,210,87,121,78,27,3,10,5,10,30,21,FW,WF,Outlet
321,2022,성남,구본철,2353,5,4,52,8,24,21,215,288,209,86,368,256,407,112,89,107,82,31,45,43,52,27,37,FW,WF,Wide Threat
322,2022,성남,심동운,946,1,1,11,0,7,7,42,84,61,20,113,65,129,12,31,21,15,5,9,8,15,5,11,MF,CDM,Builder
323,2022,수원,민상기,1803,0,0,4,2,1,3,364,634,19,481,566,738,328,2,43,101,18,118,101,30,50,11,9,DF,CB,Aggressor
324,2022,수원,그로닝,687,0,0,8,2,3,4,27,45,53,2,60,19,96,7,29,64,10,12,4,5,2,17,10,FW,CF,Finisher
325,2022,수원,마나부,805,1,3,17,7,15,7,70,75,76,22,89,57,130,22,16,17,23,1,8,7,8,10,9,FW,WF,Wide Threat
326,2022,수원,유제호,324,0,0,1,1,2,0,46,52,18,25,81,54,70,1,3,3,5,4,4,5,4,8,3,MF,CAM,Box crasher
327,2022,수원,류승우,1638,2,0,27,3,12,4,133,129,120,45,215,133,247,31,26,51,62,21,19,26,28,28,25,FW,CF,Finisher
328,2022,수원,한석종,1234,0,0,2,3,4,2,206,400,73,119,554,427,319,1,24,54,42,22,41,26,27,18,9,MF,CAM,Creator
329,2022,수원,고명석,1661,3,0,7,2,1,1,302,318,17,255,387,446,213,4,43,110,36,146,99,51,60,9,13,DF,CB,SCB
330,2022,수원,강현묵,1306,0,4,13,3,10,20,156,120,137,45,217,132,267,14,27,53,48,11,25,31,27,22,14,MF,CDM,Builder
331,2022,수원,박형진,557,1,0,2,21,5,3,109,90,40,40,182,135,127,22,11,11,12,8,17,15,10,6,9,DF,FB,Safety
332,2022,수원,이기제,3079,1,14,19,230,8,59,502,484,288,284,815,620,767,275,46,73,44,106,74,47,46,19,15,DF,FB,Safety
333,2022,수원,사리치,1855,3,2,22,8,7,16,371,439,158,151,686,474,521,47,35,49,60,22,64,36,43,36,8,MF,CAM,Creator
334,2022,수원,노동건,201,0,0,0,0,0,0,51,5,0,56,0,41,15,0,0,0,0,1,8,0,1,0,0,GK,GK,Swiper goalkeeper
335,2022,수원,불투이스,3137,0,0,13,15,5,7,691,572,45,556,831,934,498,11,66,167,48,184,133,72,83,25,16,DF,CB,SCB
336,2022,수원,이종성,1995,2,0,9,2,2,9,422,541,119,231,784,581,553,16,35,39,64,46,79,44,55,38,35,MF,CAM,Creator
337,2022,수원,김상준,1160,2,0,3,1,1,2,179,304,42,120,400,308,254,2,16,46,26,53,54,26,28,14,8,MF,CAM,Box crasher
338,2022,수원,전진우,1774,6,3,46,2,24,14,106,189,161,35,237,138,295,30,34,81,42,18,16,17,23,23,48,FW,CF,Roamer
339,2022,수원,정승원,2475,0,1,26,24,36,14,317,336,211,120,480,347,464,66,66,50,46,30,73,23,52,15,36,FW,WF,Unlocker
340,2022,수원,오현규,2399,13,3,68,1,26,16,156,224,200,37,296,164,369,40,128,306,35,11,18,20,28,36,36,FW,CF,Finisher
341,2022,수원,박대원,717,0,0,3,29,1,2,124,99,49,67,172,152,136,6,12,32,10,46,17,14,32,10,3,DF,FB,Safety
342,2022,수원,양형모,3351,0,0,0,0,0,0,671,299,0,960,10,841,129,0,0,0,1,35,122,0,2,0,3,GK,GK,Goalkeeper
343,2022,수원,안병준,2128,11,0,73,0,8,12,112,150,126,18,219,105,258,8,62,231,14,25,12,13,12,24,44,FW,CF,Finisher
344,2022,수원,최성근,291,0,0,1,0,0,0,50,37,18,15,74,43,64,0,10,14,11,7,14,11,9,6,16,MF,CAM,Box crasher
345,2022,수원,김건희,799,2,0,23,0,14,4,68,55,82,7,100,44,145,3,31,90,7,8,5,7,3,10,15,FW,CF,Roamer
346,2022,수원,양상민,321,0,0,0,0,1,0,42,51,5,25,71,73,28,1,11,17,9,21,7,8,18,8,1,DF,CB,SCB
347,2022,수원,장호익,1882,0,2,1,134,14,8,409,309,136,209,530,406,469,31,42,64,58,107,66,61,53,31,32,DF,FB,Safety
348,2022,수원,염기훈,605,0,0,11,4,9,6,100,101,132,14,133,90,189,20,14,74,5,8,6,4,7,6,14,FW,WF,Unlocker
349,2022,수원FC,정재용,2177,5,2,29,6,2,11,410,515,128,193,763,596,488,14,35,87,50,40,77,39,59,17,14,MF,CAM,Creator
350,2022,수원FC,김주엽,317,0,1,1,30,14,1,77,26,31,44,64,58,81,11,13,12,19,12,14,8,6,4,0,DF,FB,Safety
351,2022,수원FC,이영준,418,1,1,10,0,1,6,23,39,41,3,58,24,78,4,33,61,13,3,4,5,7,7,5,FW,CF,Roamer
352,2022,수원FC,곽윤호,1963,0,1,2,2,0,1,365,389,6,401,409,477,339,0,70,97,43,198,105,54,54,15,36,DF,CB,SCB
353,2022,수원FC,박민규,3160,1,1,14,246,29,23,527,386,287,253,699,512,727,78,77,93,55,129,97,85,88,14,54,DF,FB,Safety
354,2022,수원FC,박상명,191,0,1,2,0,4,1,11,15,18,5,13,9,27,6,6,8,3,1,1,0,9,3,6,FW,WF,Wide Threat
355,2022,수원FC,박배종,2413,0,0,0,0,0,0,567,147,0,710,4,654,60,0,0,0,3,30,112,1,3,0,4,GK,GK,Swiper goalkeeper
356,2022,수원FC,라스,2580,8,7,88,0,33,33,219,307,336,8,308,174,478,21,127,485,11,31,18,14,25,21,20,FW,CF,Roamer
357,2022,수원FC,정동호,1370,2,0,10,123,11,13,261,199,129,119,330,281,297,65,32,32,41,60,37,26,18,9,18,FW,WF,Unlocker
358,2022,수원FC,김현,1752,8,1,45,0,2,18,177,156,158,24,265,135,312,3,69,301,7,28,15,19,15,28,23,FW,CF,Roamer
359,2022,수원FC,니실라,1057,2,2,16,3,6,12,121,121,82,40,225,133,214,59,38,34,30,7,18,24,25,15,16,MF,CDM,Builder
360,2022,수원FC,잭슨,1797,2,1,5,1,2,4,546,347,12,406,529,565,382,2,45,122,19,146,79,49,50,13,7,DF,CB,Aggressor
361,2022,수원FC,이기혁,648,0,1,9,5,5,3,68,94,66,36,126,72,156,7,13,41,25,16,10,19,22,13,14,FW,CF,Roamer
362,2022,수원FC,이범영,191,0,0,0,0,0,0,40,13,0,53,0,42,11,0,0,0,0,2,11,0,0,0,0,GK,GK,Goalkeeper
363,2022,수원FC,김상원,399,0,0,3,33,5,1,107,50,33,55,109,80,117,4,11,8,6,17,16,5,18,5,4,DF,FB,Safety
364,2022,수원FC,김건웅,3245,2,2,22,1,1,10,522,761,97,455,896,836,612,10,92,119,78,178,133,77,79,32,17,MF,CAM,Box crasher
365,2022,수원FC,장재웅,182,0,1,3,0,1,3,5,17,16,0,21,9,28,1,2,14,5,1,3,2,1,6,5,FW,CF,Finisher
366,2022,수원FC,황순민,436,0,1,2,19,4,2,65,77,38,37,128,68,135,10,7,6,19,12,5,9,12,6,4,DF,FB,Safety
367,2022,수원FC,김승준,1501,5,2,21,2,10,13,71,127,148,40,171,85,274,19,36,51,16,9,16,13,22,9,13,FW,CF,Roamer
368,2022,수원FC,장혁진,1102,1,1,9,0,4,7,191,228,106,78,389,230,343,25,25,26,39,18,41,16,28,15,30,MF,CAM,Box crasher
369,2022,수원FC,양동현,237,0,0,3,1,1,2,24,17,20,4,41,16,49,4,5,27,0,4,2,3,3,6,3,FW,CF,Finisher
370,2022,수원FC,신재원,270,0,0,2,12,6,0,48,37,18,42,49,69,40,14,4,9,8,14,6,7,16,4,3,FW,WF,Unlocker
371,2022,수원FC,이승우,2748,14,3,64,4,51,38,235,331,327,79,418,308,516,52,60,77,66,19,34,30,27,50,67,FW,WF,Wide Threat
372,2022,수원FC,유현,1062,0,0,0,0,0,0,245,46,0,291,0,267,24,0,0,0,0,20,57,2,3,1,4,GK,GK,Goalkeeper
373,2022,수원FC,무릴로,1532,1,5,28,2,7,24,169,305,200,44,405,228,421,84,22,39,31,11,21,13,16,17,33,MF,CDM,Box to Box
374,2022,수원FC,박주호,2753,0,1,7,5,6,9,419,729,193,196,1050,678,761,9,55,70,86,59,76,56,89,38,41,MF,CAM,Box crasher
375,2022,수원FC,김동우,1134,1,0,2,2,1,2,303,218,16,217,313,365,181,1,39,71,23,79,54,13,41,9,3,DF,CB,SCB
376,2022,수원FC,신세계,2178,0,1,7,77,3,5,291,376,63,246,465,506,268,13,60,74,45,107,81,41,42,18,8,DF,FB,Safety
377,2022,안산,이승빈,2850,0,0,0,0,1,0,644,183,0,820,7,753,74,0,0,0,4,35,159,0,5,0,5,GK,GK,Goalkeeper
378,2022,안산,이와세,1901,0,0,7,115,8,4,332,223,129,168,405,354,348,10,56,74,48,65,46,67,73,23,24,DF,FB,Safety
379,2022,안산,김륜도,1624,0,1,19,3,6,10,141,212,191,30,250,162,309,20,62,272,23,27,23,20,22,22,31,FW,CF,Roamer
380,2022,안산,강수일,853,2,0,16,2,10,1,87,68,65,17,153,65,170,7,20,139,10,24,11,7,15,8,16,MF,CDM,Builder
381,2022,안산,장동혁,321,0,0,1,0,0,0,10,8,5,7,13,10,15,0,1,2,2,2,1,4,1,0,0,DF,CB,SCB
382,2022,안산,김보섭,3365,7,5,71,94,65,32,327,357,383,117,439,280,659,98,95,120,75,59,62,39,61,48,48,FW,WF,Wide Threat
383,2022,안산,최건주,2832,7,3,46,13,57,22,105,227,261,42,221,118,406,54,60,82,52,18,26,36,34,30,34,FW,WF,Wide Threat
384,2022,안산,장유섭,1553,1,0,5,6,0,3,251,187,13,182,276,295,176,2,47,114,28,137,61,41,53,18,9,DF,CB,Spreader
385,2022,안산,이준희,2464,1,4,7,251,15,19,511,337,285,208,495,321,667,52,74,95,45,111,89,52,84,28,17,DF,FB,Safety
386,2022,안산,이지성,183,0,0,3,1,6,2,15,16,22,3,18,13,30,3,8,7,3,1,2,2,3,5,3,FW,WF,Wide Threat
387,2022,안산,김경수,807,1,0,8,0,4,6,122,165,36,63,247,145,201,7,11,23,20,22,31,16,25,8,11,FW,CF,Finisher
388,2022,안산,권영호,2086,3,0,12,2,3,2,356,374,26,354,399,515,264,2,58,168,37,193,106,50,86,31,18,DF,CB,Spreader
389,2022,안산,김원중,192,0,0,0,0,0,0,62,0,0,61,1,61,1,0,0,0,0,0,10,0,1,0,0,GK,GK,Swiper goalkeeper
390,2022,안산,김예성,1569,0,0,4,175,16,6,365,192,175,137,389,235,466,24,58,60,45,62,60,32,61,9,24,DF,FB,Safety
391,2022,안산,김영남,1879,0,0,10,0,2,6,316,514,69,353,473,527,368,3,46,79,65,82,119,44,72,18,14,MF,CAM,Creator
392,2022,안산,김선우,729,0,0,0,0,0,0,171,102,0,272,1,251,22,0,0,0,2,5,36,0,2,0,2,GK,GK,Swiper goalkeeper
393,2022,안산,김민호,2836,0,0,5,3,0,2,533,528,32,546,572,761,389,3,83,185,50,233,162,61,105,29,18,DF,CB,SCB
394,2022,안산,김경준,1663,6,0,44,3,19,8,83,180,127,22,209,114,244,9,69,147,40,17,15,12,9,23,42,FW,CF,Finisher
395,2022,안산,아스나위,1689,2,2,10,118,22,8,270,221,153,130,325,221,387,42,42,39,46,48,38,39,39,27,14,DF,FB,Safety
396,2022,안산,까뇨뚜,738,3,3,27,2,11,11,89,90,122,8,142,79,193,28,47,52,13,5,8,9,8,8,17,FW,WF,Outlet
397,2022,안산,변승환,233,0,0,1,0,1,1,22,57,12,20,58,33,57,3,10,5,15,3,10,7,5,4,4,DF,CB,SCB
398,2022,안산,두아르테,2249,4,7,45,29,28,43,353,482,337,70,545,396,556,94,30,34,32,7,35,12,21,16,55,FW,WF,Unlocker
399,2022,안산,송진규,1846,5,3,38,7,23,19,190,371,192,97,432,301,420,33,29,34,32,12,39,20,48,17,40,MF,CDM,Box to Box
400,2022,안산,신일수,1030,0,1,8,0,1,3,185,117,37,106,215,196,162,2,18,80,22,63,46,19,32,13,12,DF,CB,Spreader
401,2022,안산,신재혁,318,1,0,3,1,11,1,7,32,24,4,28,12,44,8,10,17,6,5,5,7,4,5,3,FW,WF,Wide Threat
402,2022,안산,박동휘,591,0,0,2,33,6,1,59,88,31,61,88,61,119,3,12,15,32,21,13,21,22,11,12,DF,FB,Safety
403,2022,안산,안성민,1195,0,0,2,66,3,2,221,155,46,162,244,231,221,7,45,58,23,83,42,29,40,13,13,DF,FB,Safety
404,2022,안산,박민준,224,0,0,0,0,0,0,57,17,3,32,43,47,31,1,5,26,1,22,8,2,11,2,1,DF,CB,Spreader
405,2022,안양,윤준성,449,0,0,2,2,1,1,59,73,8,55,77,87,53,3,20,39,3,43,21,10,17,8,2,DF,CB,Spreader
406,2022,안양,이창용,2584,3,0,12,4,1,3,357,618,36,473,544,766,287,5,61,165,30,247,135,55,73,28,15,DF,CB,SCB
407,2022,안양,연제민,1049,0,0,4,0,1,0,156,161,3,125,233,228,133,2,36,81,25,98,56,32,47,17,6,DF,CB,Spreader
408,2022,안양,정민기,3953,0,0,0,0,0,0,1089,264,0,1301,52,1220,133,0,0,1,0,60,216,4,9,1,10,GK,GK,Swiper goalkeeper
409,2022,안양,정석화,833,2,1,9,3,9,6,87,202,85,42,215,158,184,10,14,17,14,3,16,11,10,14,14,MF,CDM,Box to Box
410,2022,안양,정준연,802,0,0,3,78,4,1,137,76,70,70,107,123,124,7,18,41,13,42,25,19,22,9,11,DF,FB,Safety
411,2022,안양,김동진,2790,3,4,20,237,18,39,539,466,422,226,682,520,810,159,77,115,71,91,65,58,71,27,45,DF,FB,Safety
412,2022,안양,박종현,2984,0,0,7,5,4,3,445,582,61,361,770,741,451,3,78,190,47,193,133,71,69,38,16,DF,CB,SCB
413,2022,안양,박재용,621,2,0,12,0,1,5,41,107,84,12,100,53,143,2,41,145,7,7,6,5,5,10,12,FW,CF,Target
414,2022,안양,김주환,1243,0,0,2,122,26,3,244,150,136,104,293,239,294,38,29,23,34,42,40,20,28,12,19,DF,FB,Safety
415,2022,안양,김경중,1562,6,4,30,14,48,20,167,221,242,34,313,209,380,48,39,56,26,5,21,8,18,26,26,FW,WF,Wide Threat
416,2022,안양,주현우,2977,1,3,13,292,22,28,547,381,395,231,621,529,718,186,57,97,78,105,111,64,77,24,36,DF,FB,Safety
417,2022,안양,안드리고,1606,7,4,35,1,16,30,297,251,163,103,358,323,301,78,40,59,78,31,49,39,40,37,13,MF,CAM,Box crasher
418,2022,안양,아코스티,2567,7,11,75,14,48,31,247,377,377,64,400,252,589,49,79,192,36,25,30,28,34,26,55,FW,WF,Wide Threat
419,2022,안양,구대영,1126,0,1,6,119,13,7,192,242,116,108,284,276,232,29,29,58,37,42,45,47,30,21,18,DF,FB,Safety
420,2022,안양,홍창범,1588,0,2,19,1,14,9,241,376,173,90,510,342,431,11,40,77,46,37,54,42,45,37,36,MF,CAM,Box crasher
421,2022,안양,황기욱,2167,1,2,12,0,4,10,398,448,150,141,713,471,533,15,63,104,67,75,63,41,68,43,19,MF,CAM,Box crasher
422,2022,안양,조나탄,2506,9,4,57,0,4,26,148,263,311,14,322,130,517,9,143,518,16,26,16,11,9,25,27,FW,CF,Roamer
423,2022,안양,백동규,3722,2,0,6,101,2,4,920,662,101,548,1064,1030,683,8,76,232,39,279,175,73,108,48,8,DF,CB,SCB
424,2022,안양,백성동,2514,5,1,45,11,31,33,221,332,312,64,403,337,442,137,43,40,28,24,24,20,27,16,35,FW,WF,Wide Threat
425,2022,안양,이상용,577,0,0,1,0,0,1,87,94,3,76,142,140,81,2,17,37,11,40,26,11,11,4,2,DF,CB,SCB
426,2022,안양,이정빈,1009,0,0,22,3,7,9,137,254,108,57,341,271,235,40,26,32,21,17,34,11,18,11,28,MF,CDM,Box to Box
427,2022,안양,김형진,186,1,0,3,0,0,0,21,20,4,18,29,24,27,1,2,16,4,16,13,1,6,2,1,DF,CB,Spreader
428,2022,울산,레오나르도,2404,11,4,65,1,15,28,148,154,199,14,220,155,278,21,104,144,37,8,10,10,20,60,29,FW,CF,Finisher
429,2022,울산,바코,3003,8,1,88,4,54,27,292,608,584,77,666,390,937,38,93,54,51,11,35,29,35,13,35,FW,CF,Target
430,2022,울산,조수혁,237,0,0,0,0,0,0,37,25,0,62,0,49,13,0,0,0,0,2,12,0,1,0,1,GK,GK,Goalkeeper
431,2022,울산,엄원상,2347,12,6,49,3,45,33,153,223,349,64,233,170,476,67,71,75,62,15,30,35,52,17,37,FW,WF,Wide Threat
432,2022,울산,김태환,5144,0,4,35,439,42,33,792,1061,825,472,1359,1081,1575,195,105,114,114,113,152,79,103,57,42,DF,FB,Safety
433,2022,울산,김영권,3287,0,0,4,3,2,6,1260,1294,94,870,1809,1711,1062,5,64,97,42,168,177,53,51,16,18,DF,CB,Aggressor
434,2022,울산,신형민,183,0,0,0,0,0,0,55,56,9,36,94,71,68,0,3,8,5,7,13,5,3,1,1,DF,CB,Aggressor
435,2022,울산,박주영,196,0,0,3,0,0,4,8,15,19,0,15,8,26,0,3,6,2,0,0,1,2,3,0,FW,CF,Roamer
436,2022,울산,아마노 준,2198,9,1,63,7,46,22,267,376,402,51,436,270,619,161,49,49,45,13,20,35,43,31,59,FW,WF,Unlocker
437,2022,울산,최기윤,473,1,1,7,4,8,5,23,37,60,10,59,37,92,12,8,18,40,0,5,5,5,12,10,FW,WF,Wide Threat
438,2022,울산,고명진,443,0,0,1,1,0,1,102,151,42,45,225,128,184,1,8,21,14,13,10,6,4,4,1,MF,CAM,Creator
439,2022,울산,이청용,2397,3,2,26,28,22,25,567,834,498,207,1070,656,1119,115,44,60,64,23,78,40,46,14,63,MF,CDM,Distributor
440,2022,울산,황재환,275,0,0,4,0,4,0,5,36,20,4,35,16,43,2,5,10,5,0,0,3,5,4,1,FW,CF,Finisher
441,2022,울산,설영우,2879,0,3,29,234,15,19,640,861,590,404,1173,850,1317,81,59,60,82,107,130,73,60,25,46,DF,FB,Progressor
442,2022,울산,임종은,1335,1,1,5,0,1,2,395,553,22,396,603,683,338,7,30,84,14,94,81,20,28,7,8,DF,CB,Aggressor
443,2022,울산,이규성,2414,1,1,22,11,13,19,517,784,372,195,1098,635,1030,62,45,39,83,29,82,35,37,36,15,MF,CDM,Distributor
444,2022,울산,조현우,3412,0,0,0,0,0,0,585,549,0,1124,10,843,291,0,1,0,2,17,104,2,2,0,2,GK,GK,Goalkeeper
445,2022,울산,김기희,1345,0,1,5,1,1,5,336,523,18,332,551,638,263,9,35,77,29,90,66,30,23,10,8,DF,CB,Aggressor
446,2022,울산,김민준,575,1,0,10,2,12,1,40,48,95,7,74,37,139,12,20,29,12,4,8,8,14,9,10,FW,WF,Wide Threat
447,2022,울산,마틴 아담,842,9,4,20,0,1,14,38,88,80,2,95,46,131,0,40,90,3,7,4,5,12,9,7,FW,CF,Roamer
448,2022,울산,박용우,2521,0,0,20,9,9,10,723,1107,257,411,1475,1044,1099,7,53,176,63,129,162,43,82,24,23,MF,CAM,Creator
449,2022,울산,원두재,1446,0,0,7,0,1,2,504,727,104,312,988,765,639,2,29,73,50,60,67,38,33,13,14,MF,CAM,Creator
450,2022,울산,이명재,1549,0,3,11,141,15,12,270,279,239,190,401,341,489,73,30,34,26,57,51,32,28,8,8,DF,FB,Safety
451,2022,울산,윤일록,705,1,1,14,15,11,3,62,111,93,40,132,103,162,26,17,25,21,8,20,20,9,7,10,FW,WF,Wide Threat
452,2022,인천,김동헌,2404,0,0,0,0,0,1,514,90,0,599,5,524,80,0,0,0,1,36,103,2,4,0,6,GK,GK,Goalkeeper
453,2022,인천,이동수,1191,1,0,12,2,5,1,230,294,112,117,439,276,392,6,29,55,40,46,45,14,34,10,5,MF,CAM,Box crasher
454,2022,인천,아길라르,2110,0,3,30,8,21,42,401,499,278,133,772,470,713,107,58,53,68,17,38,28,36,34,59,MF,CDM,Box to Box
455,2022,인천,김광석,1315,0,0,0,1,0,1,189,242,1,236,204,270,171,2,42,47,21,70,46,20,33,5,4,DF,CB,SCB
456,2022,인천,이용재,849,1,2,14,0,2,5,40,72,49,14,126,42,147,10,32,123,3,9,3,11,9,12,12,MF,CDM,Builder
457,2022,인천,이명주,2883,4,5,31,7,2,24,527,793,299,253,1101,677,976,76,80,108,132,51,95,73,62,34,27,MF,CAM,Box crasher
458,2022,인천,여름,921,0,0,4,0,2,5,278,200,96,98,383,231,346,15,31,35,25,34,53,25,28,19,10,MF,CAM,Creator
459,2022,인천,오반석,1083,0,0,2,1,0,0,207,158,16,131,261,203,205,4,27,87,24,86,58,28,49,9,6,DF,CB,Spreader
460,2022,인천,김창수,279,0,0,0,19,0,0,37,38,16,22,54,31,61,3,7,8,6,16,13,10,5,2,1,DF,FB,Safety
461,2022,인천,오재석,257,0,1,2,37,1,1,43,35,35,14,64,36,77,11,6,5,9,5,7,5,7,1,2,DF,FB,Safety
462,2022,인천,김도혁,2489,2,3,33,8,22,32,246,439,271,127,603,381,620,67,97,118,62,45,44,33,69,33,38,MF,CDM,Box to Box
463,2022,인천,델브리지,2845,0,1,20,4,8,2,670,477,73,451,703,669,558,12,106,236,53,251,138,88,99,39,12,DF,CB,Spreader
464,2022,인천,김민석,249,3,1,5,0,6,3,12,23,18,5,22,10,35,6,6,10,4,2,4,1,5,2,3,DF,CB,SCB
465,2022,인천,김동민,2817,0,1,10,24,14,6,627,542,66,443,770,695,584,20,99,157,81,223,133,87,97,29,16,DF,CB,SCB
466,2022,인천,이강현,1213,2,1,5,1,3,8,246,337,50,126,497,329,344,4,28,48,34,46,42,30,33,17,8,MF,CAM,Creator
467,2022,인천,김성민,587,1,0,6,51,12,6,67,97,57,35,115,67,140,31,14,14,3,17,8,10,7,11,9,DF,FB,Safety
468,2022,인천,이주용,818,0,0,9,79,7,10,146,93,97,74,205,134,242,40,22,13,28,32,25,26,18,12,6,DF,FB,Safety
469,2022,인천,강민수,2029,0,0,1,1,1,4,323,441,19,368,431,449,369,1,29,90,23,113,78,36,63,10,16,DF,CB,SCB
470,2022,인천,김준엽,2103,1,2,3,144,15,14,351,369,222,188,530,306,634,45,50,82,50,79,51,46,50,19,13,DF,FB,Safety
471,2022,인천,박창환,181,0,0,2,2,2,0,26,17,12,6,42,17,43,5,7,9,8,2,5,4,6,6,3,MF,CAM,Box crasher
472,2022,인천,강윤구,1993,1,3,19,134,8,21,301,287,242,147,426,297,518,77,38,57,50,39,48,36,48,42,35,DF,FB,Safety
473,2022,인천,무고사,1601,14,0,60,2,11,6,110,103,108,9,210,100,227,7,52,153,12,13,7,2,4,17,18,FW,CF,Finisher
474,2022,인천,송시우,1107,4,0,27,0,21,7,41,91,76,19,82,44,133,8,53,46,20,5,12,6,14,17,33,FW,CF,Finisher
475,2022,인천,홍시후,1198,1,1,19,3,17,7,50,106,121,39,123,62,221,20,49,49,28,9,9,21,23,21,23,FW,CF,Roamer
476,2022,인천,민경현,2041,1,0,9,179,28,11,363,331,202,251,477,312,618,53,57,71,65,75,95,54,39,25,23,DF,FB,Safety
477,2022,전남,유헤이,2923,1,4,32,49,6,42,590,680,422,208,1101,831,900,142,43,57,75,26,80,53,56,26,29,MF,CDM,Box to Box
478,2022,전남,고태원,2356,2,0,8,1,2,1,488,572,20,433,716,761,408,2,76,180,41,206,147,72,72,24,26,DF,CB,Spreader
479,2022,전남,이석현,735,0,0,0,0,3,3,184,273,78,87,389,202,352,19,17,9,24,5,26,15,15,6,8,MF,CAM,Creator
480,2022,전남,이규혁,662,0,0,3,69,7,4,101,95,96,58,164,107,211,22,14,14,14,19,23,11,19,10,9,DF,FB,Safety
481,2022,전남,발로텔리,1940,7,4,53,5,51,16,112,178,202,13,152,109,258,30,88,130,21,12,20,13,21,22,22,FW,WF,Wide Threat
482,2022,전남,박희성,434,0,0,4,0,6,2,35,45,53,19,56,36,92,3,25,68,10,6,1,6,3,8,2,FW,CF,Roamer
483,2022,전남,정호진,627,0,0,0,26,4,0,113,105,20,66,171,133,124,1,20,32,22,38,15,17,17,11,5,DF,CB,SCB
484,2022,전남,이중민,1236,5,2,34,5,21,10,59,99,104,10,104,60,158,13,37,140,18,9,10,9,20,15,16,FW,CF,Finisher
485,2022,전남,김현욱,2466,2,1,38,18,27,39,336,622,301,151,803,559,696,150,35,29,62,24,71,32,30,21,36,MF,CDM,Box to Box
486,2022,전남,김다솔,2606,0,0,0,0,0,1,658,161,0,807,12,686,133,0,1,0,2,17,132,1,1,0,5,GK,GK,Swiper goalkeeper
487,2022,전남,한호강,1047,0,0,1,18,2,2,187,152,24,161,240,248,177,2,23,72,19,73,35,21,32,13,3,DF,CB,Spreader
488,2022,전남,최정원,1743,0,0,2,1,0,1,387,324,11,328,495,497,337,4,53,187,25,168,90,29,65,17,3,DF,CB,Spreader
489,2022,전남,박인혁,2554,7,0,73,7,38,16,190,272,310,49,334,175,518,32,96,241,60,13,24,26,38,55,48,FW,CF,Roamer
490,2022,전남,손호준,480,1,0,4,28,4,1,72,44,24,57,99,60,120,12,17,11,18,17,6,13,13,6,0,DF,FB,Safety
491,2022,전남,이후권,2352,3,1,12,133,25,11,387,411,194,238,575,445,562,54,61,66,88,59,88,55,64,47,28,DF,FB,Safety
492,2022,전남,장성재,1793,1,2,14,21,11,14,508,669,154,274,927,635,720,46,48,57,59,50,89,41,42,18,33,MF,CAM,Creator
493,2022,전남,카차라바,490,2,0,13,1,8,4,49,41,63,6,47,29,87,4,30,70,4,5,3,2,3,15,8,FW,CF,Roamer
494,2022,전남,플라나,1842,6,1,55,13,53,18,56,152,162,17,148,118,209,56,56,62,16,19,18,7,7,15,32,FW,WF,Wide Threat
495,2022,전남,최희원,297,0,0,1,18,0,0,55,31,8,42,65,60,55,3,13,11,6,22,9,9,12,1,1,DF,FB,Safety
496,2022,전남,여승원,627,0,0,3,44,6,5,90,163,77,59,188,121,203,24,18,14,18,28,23,20,23,14,6,DF,FB,Safety
497,2022,전남,추상훈,526,0,0,12,1,9,4,27,43,53,12,55,31,89,15,17,16,8,3,2,10,8,11,5,FW,WF,Wide Threat
498,2022,전남,전승민,2025,3,1,39,2,7,13,449,664,213,229,960,582,820,43,24,51,40,29,67,29,31,13,18,MF,CAM,Creator
499,2022,전남,박성결,487,1,1,10,9,8,2,41,86,58,22,85,50,115,10,17,16,18,5,10,15,17,8,5,FW,WF,Wide Threat
500,2022,전남,임찬울,1784,5,5,31,39,28,30,154,270,292,90,267,224,425,56,34,53,34,31,38,19,41,22,12,FW,WF,Wide Threat
501,2022,전남,김태현,3439,1,2,27,265,40,21,750,661,293,410,1011,719,995,96,86,137,113,195,177,95,98,33,62,DF,FB,Safety
502,2022,전남,최호정,364,0,0,0,2,0,1,64,70,3,64,92,90,69,0,8,13,10,20,8,11,10,5,2,DF,CB,SCB
503,2022,전남,장순혁,1762,0,0,7,0,2,2,414,407,38,405,428,461,410,1,46,157,20,151,78,25,45,13,10,DF,CB,Spreader
504,2022,전북,강상윤,551,0,0,8,0,3,4,38,62,42,8,94,51,93,2,17,9,24,2,5,13,13,12,5,MF,CDM,Builder
505,2022,전북,구스타보,2030,8,4,55,2,13,25,186,172,217,27,252,155,341,28,56,331,23,38,16,14,15,33,23,FW,CF,Roamer
506,2022,전북,구자룡,741,1,0,2,0,1,0,160,219,4,169,245,262,156,0,14,33,8,44,36,11,15,9,4,DF,CB,Aggressor
507,2022,전북,백승호,2651,2,5,32,8,19,34,610,827,247,371,1160,936,842,101,46,126,65,106,112,65,68,28,22,MF,CAM,Creator
508,2022,전북,박진섭,2934,2,0,10,1,0,5,724,968,35,734,1086,1243,612,12,87,188,60,226,134,70,77,42,21,DF,CB,Aggressor
509,2022,전북,이승기,611,0,1,9,2,1,8,87,192,67,65,231,156,207,29,12,17,18,12,21,10,14,4,4,MF,CAM,Box crasher
510,2022,전북,박진성,625,0,0,6,55,8,2,112,72,52,69,126,109,138,19,18,24,8,23,25,12,22,8,0,DF,FB,Safety
511,2022,전북,홍정호,1705,1,2,8,0,1,2,592,528,20,461,719,800,400,1,25,128,34,148,98,32,60,15,12,DF,CB,Aggressor
512,2022,전북,최철순,1162,0,0,3,139,5,4,291,218,139,134,367,221,419,17,33,49,28,42,35,25,33,6,15,DF,FB,Safety
513,2022,전북,이범수,277,0,0,0,0,0,0,60,57,0,117,0,94,23,0,0,0,0,4,19,1,0,0,0,GK,GK,Goalkeeper
514,2022,전북,최보경,539,0,0,2,2,0,0,182,201,12,169,230,260,151,2,10,14,8,25,22,12,8,4,0,DF,CB,Aggressor
515,2022,전북,송민규,1573,3,3,27,12,16,19,119,184,226,30,170,120,306,29,46,47,39,8,13,13,20,10,21,FW,CF,Target
516,2022,전북,한교원,1077,5,0,28,0,26,5,49,120,129,16,105,68,182,34,34,24,18,4,12,6,26,11,16,FW,WF,Wide Threat
517,2022,전북,송범근,3362,0,0,0,2,0,3,686,366,7,1045,4,820,236,0,1,0,1,33,137,0,8,0,3,GK,GK,Goalkeeper
518,2022,전북,쿠니모토,1133,4,1,11,30,7,15,295,246,195,84,483,282,480,63,28,27,33,19,25,21,12,18,11,FW,WF,Unlocker
519,2022,전북,류재문,1622,1,1,12,1,1,8,279,510,107,228,601,508,428,3,39,71,51,57,52,36,47,23,6,MF,CAM,Creator
520,2022,전북,김보경,1601,2,3,22,6,16,26,192,319,240,66,350,254,402,60,52,49,42,15,31,20,26,30,30,FW,WF,Unlocker
521,2022,전북,김진수,2639,2,3,31,220,21,22,523,384,295,246,738,590,689,105,62,71,45,80,106,58,64,21,27,DF,FB,Safety
522,2022,전북,김진규,1903,2,1,36,7,6,18,320,487,229,136,699,466,598,57,29,36,35,39,44,38,44,33,6,MF,CDM,Box to Box
523,2022,전북,바로우,2156,13,6,36,6,42,29,139,178,246,37,192,140,335,93,63,66,32,19,13,31,36,25,29,FW,WF,Wide Threat
524,2022,전북,조규성,2607,17,5,96,9,24,33,140,296,321,24,351,203,493,49,118,234,17,39,24,1,14,45,56,FW,CF,Roamer
525,2022,전북,이용,1805,0,2,3,146,7,22,522,450,175,277,744,703,493,131,46,60,52,72,69,63,41,25,12,DF,FB,Progressor
526,2022,전북,윤영선,1654,0,0,3,1,0,0,347,442,8,416,426,545,305,0,32,92,18,109,54,24,41,9,8,DF,CB,Aggressor
527,2022,전북,맹성웅,1283,0,2,6,1,9,5,202,344,93,119,451,338,325,11,22,45,48,39,44,37,25,35,30,MF,CAM,Box crasher
528,2022,전북,김문환,2519,1,2,12,231,13,13,441,531,353,250,745,459,889,59,50,53,65,64,83,48,72,16,22,DF,FB,Safety
529,2022,전북,박규민,284,1,0,5,0,4,0,25,16,22,6,34,17,45,1,13,12,5,4,9,8,9,5,8,DF,CB,SCB
530,2022,전북,문선민,999,1,2,21,2,29,7,52,101,126,8,100,62,172,27,36,25,21,5,11,8,10,12,16,FW,WF,Wide Threat
531,2022,제주,김봉수,2633,0,1,4,33,10,7,759,908,223,415,1296,823,1111,31,77,111,80,92,143,82,81,20,34,MF,CAM,Creator
532,2022,제주,유연수,242,0,0,0,0,0,0,48,6,0,49,5,40,14,0,0,0,0,0,14,0,0,0,1,GK,GK,Goalkeeper
533,2022,제주,김오규,2773,1,0,6,4,3,4,839,1070,91,563,1360,1050,964,10,46,150,50,199,176,55,87,20,21,DF,CB,Aggressor
534,2022,제주,김동준,3042,0,0,0,2,0,3,668,230,0,873,25,760,138,0,0,1,2,28,151,3,6,1,7,GK,GK,Goalkeeper
535,2022,제주,윤빛가람,1143,3,2,24,2,3,18,226,468,164,86,595,389,456,71,19,17,24,11,42,24,30,10,5,MF,CDM,Distributor
536,2022,제주,이창민,2542,3,4,86,1,17,37,622,755,450,104,1218,793,979,169,51,29,54,25,63,39,46,30,16,MF,CDM,Distributor
537,2022,제주,이지솔,384,0,0,1,0,0,0,85,86,22,27,142,95,96,2,17,40,9,25,15,18,11,5,4,MF,CAM,Creator
538,2022,제주,김주공,1537,5,4,36,4,15,22,79,198,200,26,167,120,273,39,47,73,28,8,20,21,16,16,32,FW,WF,Wide Threat
539,2022,제주,변경준,216,0,0,2,13,1,0,13,37,32,8,37,21,56,17,8,11,10,6,4,2,6,4,4,FW,WF,Unlocker
540,2022,제주,한종무,553,1,0,5,0,4,4,49,107,49,17,158,83,141,4,13,15,20,5,8,10,8,7,3,MF,CDM,Box to Box
541,2022,제주,서진수,1383,5,0,22,14,35,15,149,172,178,34,236,138,310,45,52,61,48,18,24,13,18,12,24,FW,WF,Wide Threat
542,2022,제주,구자철,240,1,1,8,0,1,3,51,67,35,23,95,71,82,1,6,10,7,2,5,4,1,5,6,MF,CDM,Distributor
543,2022,제주,김명순,409,0,0,1,55,5,3,88,82,86,40,129,86,169,10,13,10,15,7,12,12,15,5,6,FW,WF,Unlocker
544,2022,제주,진성욱,882,2,1,20,0,7,7,50,96,92,10,93,52,143,13,36,81,21,3,8,3,9,20,18,FW,CF,Roamer
545,2022,제주,주민규,2810,17,7,98,2,6,31,199,226,271,17,359,179,468,9,128,279,28,18,10,8,13,20,41,FW,CF,Roamer
546,2022,제주,안태현,318,0,1,1,23,1,1,86,59,70,26,118,67,147,20,14,10,10,8,9,11,14,2,3,FW,WF,Unlocker
547,2022,제주,안현범,2602,1,0,21,233,31,23,306,429,469,129,581,360,819,113,52,70,42,69,46,34,48,23,29,DF,FB,Safety
548,2022,제주,조나탄 링,1425,5,2,36,20,24,20,154,233,265,31,264,201,359,53,46,52,26,5,14,17,12,16,9,FW,WF,Wide Threat
549,2022,제주,제르소,2837,8,7,63,12,81,33,126,271,301,32,231,160,404,104,110,68,75,9,30,35,45,62,57,FW,WF,Wide Threat
550,2022,제주,최영준,3355,0,1,14,9,4,13,755,1138,399,296,1596,949,1342,28,65,97,124,67,134,103,109,42,41,MF,CAM,Creator
551,2022,제주,김근배,390,0,0,0,0,0,0,78,42,0,118,2,107,13,0,1,0,0,3,24,3,1,0,0,GK,GK,Goalkeeper
552,2022,제주,김경재,1322,0,0,1,16,4,2,266,509,47,251,544,475,367,7,42,82,22,71,71,23,41,16,12,DF,CB,Aggressor
553,2022,제주,조성준,1818,0,5,7,85,15,22,205,308,286,102,399,240,547,55,44,51,42,27,45,39,31,9,21,FW,WF,Unlocker
554,2022,제주,김범수,472,1,0,8,0,10,2,28,38,41,7,42,28,62,12,23,16,25,1,3,14,5,15,4,FW,WF,Wide Threat
555,2022,제주,정운,3069,0,2,9,27,1,10,724,1107,216,461,1422,1174,925,36,88,237,37,211,175,57,93,17,30,DF,CB,Aggressor
556,2022,제주,정우재,2355,0,1,14,224,25,16,397,523,483,191,625,477,822,73,45,69,40,62,84,48,47,11,12,DF,FB,Safety
557,2022,충남아산,최범경,1583,1,2,22,6,8,34,167,214,244,40,223,169,338,92,32,72,15,9,26,11,16,14,12,FW,WF,Unlocker
558,2022,충남아산,이학민,1850,2,1,24,250,36,16,434,307,333,164,433,387,543,100,31,61,70,78,81,53,57,27,20,DF,FB,Safety
559,2022,충남아산,김혜성,816,0,0,10,0,1,1,123,197,69,35,255,179,180,8,13,110,11,60,58,12,34,12,9,MF,CAM,Box crasher
560,2022,충남아산,이재성,1852,0,0,11,5,0,1,254,364,5,257,397,500,159,1,39,150,20,136,85,26,52,13,14,DF,CB,Spreader
561,2022,충남아산,박철우,1402,1,0,18,154,29,9,288,186,201,89,274,264,300,92,43,49,49,56,48,44,41,24,13,DF,FB,Safety
562,2022,충남아산,양정운,216,0,0,3,0,12,0,13,16,22,3,15,10,30,7,12,8,2,3,2,7,2,5,6,FW,WF,Wide Threat
563,2022,충남아산,김종국,322,0,0,2,1,2,1,50,55,23,13,90,66,60,11,5,19,10,16,17,5,8,6,5,MF,CAM,Box crasher
564,2022,충남아산,유준수,433,0,0,1,0,0,1,64,64,5,34,99,94,44,1,8,28,12,19,19,10,10,0,1,DF,CB,SCB
565,2022,충남아산,이호인,1578,0,1,2,14,1,8,283,222,49,129,386,352,212,21,33,77,10,104,85,28,35,18,5,DF,CB,SCB
566,2022,충남아산,김강국,3218,5,3,47,0,3,28,481,546,329,128,857,647,667,151,56,138,65,86,142,49,67,36,35,MF,CDM,Box to Box
567,2022,충남아산,이은범,3641,0,0,10,35,13,4,535,466,131,237,806,604,570,21,85,263,50,276,203,87,94,31,28,DF,CB,Spreader
568,2022,충남아산,박세직,3655,2,1,40,5,19,37,559,696,367,132,1036,836,699,118,60,170,113,145,157,106,107,52,44,MF,CAM,Box crasher
569,2022,충남아산,박성우,1940,0,0,15,215,27,19,392,186,271,88,366,318,407,99,39,105,35,91,84,31,64,23,31,DF,FB,Safety
570,2022,충남아산,강민규,1230,2,0,33,0,20,14,101,118,172,27,106,77,228,44,48,130,15,12,11,21,16,15,6,FW,WF,Wide Threat
571,2022,충남아산,정건우,241,0,0,5,0,3,0,13,14,16,2,19,11,26,2,12,18,4,0,2,1,1,7,5,FW,CF,Finisher
572,2022,충남아산,이승재,225,0,1,5,0,6,2,10,20,23,5,16,13,31,6,8,11,7,0,3,1,2,1,5,FW,WF,Wide Threat
573,2022,충남아산,김채운,2178,0,2,22,292,22,23,454,197,287,140,397,401,423,126,61,84,60,92,62,56,50,36,34,DF,FB,Safety
574,2022,충남아산,송승민,3496,3,4,59,6,35,33,332,343,565,43,343,295,656,98,223,572,64,56,45,37,78,52,66,FW,WF,Outlet
575,2022,충남아산,박주원,2457,0,1,0,1,0,3,632,47,0,649,30,648,31,0,0,0,0,21,109,0,3,1,4,GK,GK,Swiper goalkeeper
576,2022,충남아산,조주영,603,1,0,17,1,6,7,40,41,74,3,59,30,106,4,38,61,12,1,8,4,5,9,7,FW,CF,Roamer
577,2022,충남아산,유강현,3021,19,2,108,2,39,31,213,289,354,19,333,228,478,32,136,401,39,18,19,20,40,53,58,FW,CF,Roamer
578,2022,충남아산,박한근,1334,0,0,0,0,0,0,298,33,0,322,9,312,19,0,0,0,0,17,57,0,5,0,2,GK,GK,Goalkeeper
579,2022,충남아산,유동규,292,0,0,6,0,8,0,19,19,30,8,31,12,57,7,6,12,4,2,4,4,4,6,8,FW,WF,Wide Threat
580,2022,충남아산,배수용,738,0,0,1,0,0,3,97,65,5,45,132,134,48,1,22,59,8,64,17,10,15,11,1,DF,CB,Spreader
581,2022,포항,윤평국,1724,0,0,0,0,0,0,304,86,0,388,2,319,71,0,0,0,0,18,82,0,2,0,3,GK,GK,Goalkeeper
582,2022,포항,이광혁,939,1,0,17,11,8,9,53,119,120,45,186,91,260,64,22,27,16,5,11,11,16,18,21,FW,WF,Wide Threat
583,2022,포항,이수빈,1952,0,1,14,1,9,12,416,626,125,210,912,634,613,12,52,60,75,38,79,49,41,31,13,MF,CAM,Creator
584,2022,포항,박승욱,2572,0,2,5,119,6,12,610,631,207,491,801,761,738,26,102,116,78,136,109,89,87,26,24,DF,FB,Progressor
585,2022,포항,허용준,1947,10,5,68,4,11,22,97,170,194,15,202,151,260,36,73,166,28,11,10,11,12,38,26,FW,CF,Roamer
586,2022,포항,모세스,484,1,0,7,0,10,2,32,37,50,8,58,36,80,4,29,22,10,7,4,4,1,10,8,FW,CF,Roamer
587,2022,포항,고영준,2859,6,4,52,4,29,23,231,386,343,82,501,251,675,62,72,129,76,10,36,41,44,42,50,FW,WF,Wide Threat
588,2022,포항,김용환,848,0,1,1,81,9,4,206,145,118,119,248,202,283,31,31,20,28,32,40,26,13,13,8,DF,FB,Safety
589,2022,포항,박찬용,3015,0,0,11,0,0,3,612,874,18,728,802,1078,470,0,95,158,56,239,120,81,87,36,11,DF,CB,Aggressor
590,2022,포항,심상민,2382,0,0,2,205,18,13,562,414,295,297,696,537,751,87,46,46,55,78,92,32,57,13,28,DF,FB,Safety
591,2022,포항,이승모,1841,1,3,19,2,14,10,268,476,158,127,674,432,527,12,62,132,68,53,60,37,66,26,23,MF,CAM,Box crasher
592,2022,포항,이호재,227,1,0,6,0,1,2,19,18,23,2,29,17,37,1,11,27,6,5,3,3,4,4,5,FW,CF,Roamer
593,2022,포항,김승대,1550,6,1,17,8,1,18,113,191,206,73,208,128,359,34,23,50,25,3,13,7,11,23,13,FW,CF,Target
594,2022,포항,임상협,2798,8,2,46,28,46,20,168,261,302,80,348,264,466,102,64,104,43,52,38,32,42,20,35,FW,WF,Wide Threat
595,2022,포항,완델손,1536,2,1,27,80,27,12,243,339,261,138,410,308,501,58,45,42,57,20,43,55,33,27,29,FW,WF,Unlocker
596,2022,포항,신광훈,2635,0,2,8,160,5,12,589,656,280,330,893,731,770,70,62,84,67,87,82,65,43,49,32,DF,FB,Progressor
597,2022,포항,그랜트,2432,2,0,14,1,2,2,493,673,18,533,675,841,385,1,45,198,31,217,141,45,100,17,11,DF,CB,Spreader
598,2022,포항,신진호,2960,4,10,37,9,9,48,893,1346,439,458,1761,1416,1242,234,51,81,88,62,141,55,63,48,24,MF,CAM,Creator
599,2022,포항,강현무,1879,0,0,0,0,0,0,315,261,0,575,2,482,95,0,0,0,0,26,86,0,6,1,4,GK,GK,Goalkeeper
600,2022,포항,정재희,2134,7,3,66,26,30,19,181,280,302,78,314,216,478,105,54,91,36,20,32,19,37,7,9,FW,WF,Wide Threat
601,2022,안산,이상민95,3318,5,2,23,5,14,29,458,728,346,195,917,664,794,109,100,129,120,60,98,86,90,57,50,MF,CAM,Box crasher
602,2022,서울,이상민98,2281,1,4,7,9,0,7,554,1263,48,657,1235,1360,580,3,52,183,48,137,129,44,75,25,12,DF,CB,Aggressor
603,2022,충남아산,이상민99,3461,1,0,19,4,7,8,603,510,64,292,853,786,423,11,90,321,53,313,200,69,136,33,42,DF,CB,Spreader
604,2022,광주,김경민91,3632,1,0,9,1,11,1,602,177,24,751,23,641,157,2,8,14,4,27,166,3,7,5,5,GK,GK,Goalkeeper
605,2022,경남,이민기01,2817,1,1,3,252,21,14,397,486,226,346,700,640,632,107,59,98,69,140,89,82,98,34,18,DF,FB,Safety
606,2022,안산,티아고95,1160,5,1,36,2,16,4,92,137,140,15,154,92,217,23,36,108,15,15,7,8,9,12,6,FW,WF,Wide Threat
